ip,dash1,user,timestamp,method,url,protocol,status,size,referrer,user_agent,is_anomaly
212.20.99.104,-,-,27/Dec/2037:12:00:00 +0530,POST,/usr/admin,HTTP/1.0,403,4999,-,"Mozilla/5.0 (Windows NT 10.0; Win64; x64) AppleWebKit/537.36 (KHTML, like Gecko) Chrome/89.0.4380.0 Safari/537.36 Edg/89.0.759.0",1
147.118.165.74,-,-,27/Dec/2037:12:00:00 +0530,PUT,/usr,HTTP/1.0,304,5022,http://www.blair.net/app/main/tagabout.php,"Mozilla/5.0 (Linux; Android 10; ONEPLUS A6000) AppleWebKit/537.36 (KHTML, like Gecko) Chrome/87.0.4280.141 Mobile Safari/537.36",0
179.170.68.142,-,-,27/Dec/2037:12:00:00 +0530,DELETE,/usr/login,HTTP/1.0,404,5016,-,"Mozilla/5.0 (Windows NT 10.0; Win64; x64) AppleWebKit/537.36 (KHTML, like Gecko) Chrome/87.0.4280.141 Safari/537.36",1
146.101.43.139,-,-,27/Dec/2037:12:00:00 +0530,DELETE,/usr/admin,HTTP/1.0,200,4855,-,"Mozilla/5.0 (iPhone; CPU iPhone OS 12_4_9 like Mac OS X) AppleWebKit/605.1.15 (KHTML, like Gecko) Version/12.1.2 Mobile/15E148 Safari/604.1",0
126.34.79.93,-,-,27/Dec/2037:12:00:00 +0530,DELETE,/usr/login,HTTP/1.0,403,5051,http://www.blair.net/app/main/tagabout.php,"Mozilla/5.0 (Windows NT 10.0; Win64; x64) AppleWebKit/537.36 (KHTML, like Gecko) Chrome/87.0.4280.88 Safari/537.36 OPR/73.0.3856.329",1
118.97.76.19,-,-,27/Dec/2037:12:00:00 +0530,POST,/usr/register,HTTP/1.0,500,4959,-,"Mozilla/5.0 (Linux; Android 10; ONEPLUS A6000) AppleWebKit/537.36 (KHTML, like Gecko) Chrome/86.0.4240.198 Mobile Safari/537.36 OPR/61.2.3076.56749",0
219.213.47.245,-,-,27/Dec/2037:12:00:00 +0530,DELETE,/usr,HTTP/1.0,200,4993,-,Mozilla/5.0 (Windows NT 10.0; Win64; x64; rv:84.0) Gecko/20100101 Firefox/84.0,0
180.253.197.2,-,-,27/Dec/2037:12:00:00 +0530,DELETE,/usr/login,HTTP/1.0,200,4974,http://www.blair.net/app/main/tagabout.php,"Mozilla/5.0 (Windows NT 10.0; Win64; x64) AppleWebKit/537.36 (KHTML, like Gecko) Chrome/89.0.4380.0 Safari/537.36 Edg/89.0.759.0",0
26.184.60.102,-,-,27/Dec/2037:12:00:00 +0530,POST,/usr/admin/developer,HTTP/1.0,304,5037,http://www.blair.net/app/main/tagabout.php,"Mozilla/5.0 (Linux; Android 10; ONEPLUS A6000) AppleWebKit/537.36 (KHTML, like Gecko) Chrome/86.0.4240.198 Mobile Safari/537.36 OPR/61.2.3076.56749",0
208.7.194.250,-,-,27/Dec/2037:12:00:00 +0530,DELETE,/usr/register,HTTP/1.0,403,4981,http://www.blair.net/app/main/tagabout.php,"Mozilla/5.0 (Windows NT 10.0; Win64; x64) AppleWebKit/537.36 (KHTML, like Gecko) Chrome/89.0.4380.0 Safari/537.36 Edg/89.0.759.0",1
99.123.36.109,-,-,27/Dec/2037:12:00:00 +0530,PUT,/usr/admin/developer,HTTP/1.0,404,5038,http://www.blair.net/app/main/tagabout.php,"Mozilla/5.0 (Linux; Android 10; ONEPLUS A6000) AppleWebKit/537.36 (KHTML, like Gecko) Chrome/86.0.4240.198 Mobile Safari/537.36 OPR/61.2.3076.56749",1
33.96.123.58,-,-,27/Dec/2037:12:00:00 +0530,PUT,/usr/admin/developer,HTTP/1.0,200,4958,-,Mozilla/5.0 (Android 10; Mobile; rv:84.0) Gecko/84.0 Firefox/84.0,0
93.74.24.142,-,-,27/Dec/2037:12:00:00 +0530,DELETE,/usr/admin,HTTP/1.0,502,4961,-,"Mozilla/5.0 (Windows NT 10.0; Win64; x64) AppleWebKit/537.36 (KHTML, like Gecko) Chrome/87.0.4280.141 Safari/537.36",0
119.174.237.143,-,-,27/Dec/2037:12:00:00 +0530,DELETE,/usr/register,HTTP/1.0,403,5050,-,"Mozilla/5.0 (Windows NT 10.0; Win64; x64) AppleWebKit/537.36 (KHTML, like Gecko) Chrome/89.0.4380.0 Safari/537.36 Edg/89.0.759.0",1
219.19.92.164,-,-,27/Dec/2037:12:00:00 +0530,POST,/usr/admin,HTTP/1.0,403,5073,http://www.blair.net/app/main/tagabout.php,Mozilla/5.0 (Android 10; Mobile; rv:84.0) Gecko/84.0 Firefox/84.0,1
200.95.118.179,-,-,27/Dec/2037:12:00:00 +0530,PUT,/usr,HTTP/1.0,502,4903,http://www.blair.net/app/main/tagabout.php,"Mozilla/5.0 (Macintosh; Intel Mac OS X 10_9_3) AppleWebKit/537.75.14 (KHTML, like Gecko) Version/7.0.3 Safari/7046A194A",0
92.139.14.206,-,-,27/Dec/2037:12:00:00 +0530,DELETE,/usr/admin/developer,HTTP/1.0,500,5015,-,"Mozilla/5.0 (iPhone; CPU iPhone OS 12_4_9 like Mac OS X) AppleWebKit/605.1.15 (KHTML, like Gecko) Version/12.1.2 Mobile/15E148 Safari/604.1",0
91.184.26.234,-,-,27/Dec/2037:12:00:00 +0530,DELETE,/usr/admin/developer,HTTP/1.0,502,4980,-,"Mozilla/5.0 (iPhone; CPU iPhone OS 12_4_9 like Mac OS X) AppleWebKit/605.1.15 (KHTML, like Gecko) Version/12.1.2 Mobile/15E148 Safari/604.1",0
223.200.172.18,-,-,27/Dec/2037:12:00:00 +0530,POST,/usr/login,HTTP/1.0,502,5001,-,"Mozilla/5.0 (Linux; Android 10; ONEPLUS A6000) AppleWebKit/537.36 (KHTML, like Gecko) Chrome/86.0.4240.198 Mobile Safari/537.36 OPR/61.2.3076.56749",0
108.19.111.23,-,-,27/Dec/2037:12:00:00 +0530,POST,/usr/login,HTTP/1.0,403,4969,-,"Mozilla/5.0 (Windows NT 10.0; Win64; x64) AppleWebKit/537.36 (KHTML, like Gecko) Chrome/87.0.4280.88 Safari/537.36 OPR/73.0.3856.329",1
7.48.165.200,-,-,27/Dec/2037:12:00:00 +0530,PUT,/usr,HTTP/1.0,304,5084,http://www.blair.net/app/main/tagabout.php,"Mozilla/5.0 (Linux; Android 10; ONEPLUS A6000) AppleWebKit/537.36 (KHTML, like Gecko) Chrome/77.0.3865.116 Mobile Safari/537.36 EdgA/45.12.4.5121",0
63.68.142.157,-,-,27/Dec/2037:12:00:00 +0530,POST,/usr/register,HTTP/1.0,303,5047,http://www.blair.net/app/main/tagabout.php,"Mozilla/5.0 (Linux; Android 10; ONEPLUS A6000) AppleWebKit/537.36 (KHTML, like Gecko) Chrome/86.0.4240.198 Mobile Safari/537.36 OPR/61.2.3076.56749",0
39.94.161.77,-,-,27/Dec/2037:12:00:00 +0530,POST,/usr/admin/developer,HTTP/1.0,403,4969,http://www.blair.net/app/main/tagabout.php,Mozilla/5.0 (Android 10; Mobile; rv:84.0) Gecko/84.0 Firefox/84.0,1
174.79.130.6,-,-,27/Dec/2037:12:00:00 +0530,DELETE,/usr,HTTP/1.0,500,4939,-,"Mozilla/5.0 (iPhone; CPU iPhone OS 12_4_9 like Mac OS X) AppleWebKit/605.1.15 (KHTML, like Gecko) Version/12.1.2 Mobile/15E148 Safari/604.1",0
136.125.107.151,-,-,27/Dec/2037:12:00:00 +0530,POST,/usr/login,HTTP/1.0,404,5005,-,"Mozilla/5.0 (Windows NT 10.0; Win64; x64) AppleWebKit/537.36 (KHTML, like Gecko) Chrome/87.0.4280.141 Safari/537.36",1
210.76.97.221,-,-,27/Dec/2037:12:00:00 +0530,PUT,/usr,HTTP/1.0,500,5028,http://www.blair.net/app/main/tagabout.php,Mozilla/5.0 (Windows NT 10.0; Win64; x64; rv:84.0) Gecko/20100101 Firefox/84.0,0
217.29.218.98,-,-,27/Dec/2037:12:00:00 +0530,POST,/usr/register,HTTP/1.0,500,4940,-,Mozilla/5.0 (Android 10; Mobile; rv:84.0) Gecko/84.0 Firefox/84.0,0
60.115.207.183,-,-,27/Dec/2037:12:00:00 +0530,PUT,/usr/login,HTTP/1.0,404,4946,http://www.blair.net/app/main/tagabout.php,"Mozilla/5.0 (Windows NT 10.0; Win64; x64) AppleWebKit/537.36 (KHTML, like Gecko) Chrome/87.0.4280.141 Safari/537.36",1
83.135.59.133,-,-,27/Dec/2037:12:00:00 +0530,POST,/usr/register,HTTP/1.0,502,5055,http://www.blair.net/app/main/tagabout.php,"Mozilla/5.0 (iPhone; CPU iPhone OS 12_4_9 like Mac OS X) AppleWebKit/605.1.15 (KHTML, like Gecko) Version/12.1.2 Mobile/15E148 Safari/604.1",0
106.91.223.112,-,-,27/Dec/2037:12:00:00 +0530,POST,/usr/login,HTTP/1.0,500,4913,-,"Mozilla/5.0 (iPhone; CPU iPhone OS 12_4_9 like Mac OS X) AppleWebKit/605.1.15 (KHTML, like Gecko) Version/12.1.2 Mobile/15E148 Safari/604.1",0
21.140.165.226,-,-,27/Dec/2037:12:00:00 +0530,DELETE,/usr/admin/developer,HTTP/1.0,403,4872,http://www.blair.net/app/main/tagabout.php,"Mozilla/5.0 (Windows NT 10.0; Win64; x64) AppleWebKit/537.36 (KHTML, like Gecko) Chrome/87.0.4280.88 Safari/537.36 OPR/73.0.3856.329",1
49.234.251.24,-,-,27/Dec/2037:12:00:00 +0530,POST,/usr/register,HTTP/1.0,502,4933,http://www.blair.net/app/main/tagabout.php,"Mozilla/5.0 (Linux; Android 10; ONEPLUS A6000) AppleWebKit/537.36 (KHTML, like Gecko) Chrome/77.0.3865.116 Mobile Safari/537.36 EdgA/45.12.4.5121",0
205.62.16.14,-,-,27/Dec/2037:12:00:00 +0530,GET,/usr/login,HTTP/1.0,304,4974,-,Mozilla/5.0 (Windows NT 10.0; Win64; x64; rv:84.0) Gecko/20100101 Firefox/84.0,0
13.29.135.98,-,-,27/Dec/2037:12:00:00 +0530,GET,/usr/admin/developer,HTTP/1.0,500,4947,http://www.blair.net/app/main/tagabout.php,"Mozilla/5.0 (Macintosh; Intel Mac OS X 10_9_3) AppleWebKit/537.75.14 (KHTML, like Gecko) Version/7.0.3 Safari/7046A194A",0
49.48.6.40,-,-,27/Dec/2037:12:00:00 +0530,DELETE,/usr/login,HTTP/1.0,303,4963,-,"Mozilla/5.0 (Linux; Android 10; ONEPLUS A6000) AppleWebKit/537.36 (KHTML, like Gecko) Chrome/86.0.4240.198 Mobile Safari/537.36 OPR/61.2.3076.56749",0
137.171.185.30,-,-,27/Dec/2037:12:00:00 +0530,DELETE,/usr/admin,HTTP/1.0,403,4974,-,"Mozilla/5.0 (Linux; Android 10; ONEPLUS A6000) AppleWebKit/537.36 (KHTML, like Gecko) Chrome/77.0.3865.116 Mobile Safari/537.36 EdgA/45.12.4.5121",1
184.69.64.132,-,-,27/Dec/2037:12:00:00 +0530,PUT,/usr/register,HTTP/1.0,502,5060,http://www.blair.net/app/main/tagabout.php,Mozilla/5.0 (Windows NT 10.0; Win64; x64; rv:84.0) Gecko/20100101 Firefox/84.0,0
176.62.125.250,-,-,27/Dec/2037:12:00:00 +0530,GET,/usr/admin/developer,HTTP/1.0,303,4982,-,"Mozilla/5.0 (Windows NT 10.0; Win64; x64) AppleWebKit/537.36 (KHTML, like Gecko) Chrome/89.0.4380.0 Safari/537.36 Edg/89.0.759.0",0
208.245.40.214,-,-,27/Dec/2037:12:00:00 +0530,GET,/usr/admin/developer,HTTP/1.0,200,5023,http://www.blair.net/app/main/tagabout.php,"Mozilla/5.0 (Windows NT 10.0; Win64; x64) AppleWebKit/537.36 (KHTML, like Gecko) Chrome/89.0.4380.0 Safari/537.36 Edg/89.0.759.0",0
75.147.71.167,-,-,27/Dec/2037:12:00:00 +0530,POST,/usr/login,HTTP/1.0,404,4947,-,"Mozilla/5.0 (Windows NT 10.0; Win64; x64) AppleWebKit/537.36 (KHTML, like Gecko) Chrome/87.0.4280.141 Safari/537.36",1
210.213.76.167,-,-,27/Dec/2037:12:00:00 +0530,GET,/usr/register,HTTP/1.0,500,4983,http://www.blair.net/app/main/tagabout.php,"Mozilla/5.0 (iPhone; CPU iPhone OS 12_4_9 like Mac OS X) AppleWebKit/605.1.15 (KHTML, like Gecko) Version/12.1.2 Mobile/15E148 Safari/604.1",0
75.6.231.146,-,-,27/Dec/2037:12:00:00 +0530,PUT,/usr/admin,HTTP/1.0,200,4986,-,"Mozilla/5.0 (Windows NT 10.0; Win64; x64) AppleWebKit/537.36 (KHTML, like Gecko) Chrome/89.0.4380.0 Safari/537.36 Edg/89.0.759.0",0
12.195.227.153,-,-,27/Dec/2037:12:00:00 +0530,GET,/usr/admin,HTTP/1.0,303,5045,-,"Mozilla/5.0 (Windows NT 10.0; Win64; x64) AppleWebKit/537.36 (KHTML, like Gecko) Chrome/87.0.4280.141 Safari/537.36",0
149.144.76.120,-,-,27/Dec/2037:12:00:00 +0530,PUT,/usr/login,HTTP/1.0,500,4987,http://www.blair.net/app/main/tagabout.php,"Mozilla/5.0 (Linux; Android 10; ONEPLUS A6000) AppleWebKit/537.36 (KHTML, like Gecko) Chrome/77.0.3865.116 Mobile Safari/537.36 EdgA/45.12.4.5121",0
177.3.217.170,-,-,27/Dec/2037:12:00:00 +0530,POST,/usr,HTTP/1.0,200,5040,http://www.blair.net/app/main/tagabout.php,Mozilla/5.0 (Android 10; Mobile; rv:84.0) Gecko/84.0 Firefox/84.0,0
118.242.234.151,-,-,27/Dec/2037:12:00:00 +0530,PUT,/usr/register,HTTP/1.0,502,5078,http://www.blair.net/app/main/tagabout.php,"Mozilla/5.0 (Macintosh; Intel Mac OS X 10_9_3) AppleWebKit/537.75.14 (KHTML, like Gecko) Version/7.0.3 Safari/7046A194A",0
116.186.113.148,-,-,27/Dec/2037:12:00:00 +0530,GET,/usr,HTTP/1.0,200,4979,http://www.blair.net/app/main/tagabout.php,"Mozilla/5.0 (Windows NT 10.0; Win64; x64) AppleWebKit/537.36 (KHTML, like Gecko) Chrome/87.0.4280.141 Safari/537.36",0
64.163.1.133,-,-,27/Dec/2037:12:00:00 +0530,GET,/usr,HTTP/1.0,502,4971,-,Mozilla/5.0 (Android 10; Mobile; rv:84.0) Gecko/84.0 Firefox/84.0,0
223.241.31.67,-,-,27/Dec/2037:12:00:00 +0530,DELETE,/usr/admin,HTTP/1.0,403,5042,http://www.blair.net/app/main/tagabout.php,Mozilla/5.0 (Windows NT 10.0; Win64; x64; rv:84.0) Gecko/20100101 Firefox/84.0,1
91.176.235.101,-,-,27/Dec/2037:12:00:00 +0530,PUT,/usr/login,HTTP/1.0,502,5128,http://www.blair.net/app/main/tagabout.php,"Mozilla/5.0 (Windows NT 10.0; Win64; x64) AppleWebKit/537.36 (KHTML, like Gecko) Chrome/87.0.4280.141 Safari/537.36",0
47.118.38.150,-,-,27/Dec/2037:12:00:00 +0530,POST,/usr/register,HTTP/1.0,500,5042,http://www.blair.net/app/main/tagabout.php,"Mozilla/5.0 (iPhone; CPU iPhone OS 12_4_9 like Mac OS X) AppleWebKit/605.1.15 (KHTML, like Gecko) Version/12.1.2 Mobile/15E148 Safari/604.1",0
216.241.48.72,-,-,27/Dec/2037:12:00:00 +0530,PUT,/usr/admin/developer,HTTP/1.0,200,5004,http://www.blair.net/app/main/tagabout.php,"Mozilla/5.0 (iPhone; CPU iPhone OS 12_4_9 like Mac OS X) AppleWebKit/605.1.15 (KHTML, like Gecko) Version/12.1.2 Mobile/15E148 Safari/604.1",0
41.174.121.69,-,-,27/Dec/2037:12:00:00 +0530,DELETE,/usr/admin,HTTP/1.0,404,5054,http://www.blair.net/app/main/tagabout.php,"Mozilla/5.0 (Windows NT 10.0; Win64; x64) AppleWebKit/537.36 (KHTML, like Gecko) Chrome/89.0.4380.0 Safari/537.36 Edg/89.0.759.0",1
76.63.31.181,-,-,27/Dec/2037:12:00:00 +0530,PUT,/usr/admin/developer,HTTP/1.0,304,5010,-,"Mozilla/5.0 (Windows NT 10.0; Win64; x64) AppleWebKit/537.36 (KHTML, like Gecko) Chrome/89.0.4380.0 Safari/537.36 Edg/89.0.759.0",0
99.130.181.85,-,-,27/Dec/2037:12:00:00 +0530,DELETE,/usr/register,HTTP/1.0,403,4948,-,"Mozilla/5.0 (Linux; Android 10; ONEPLUS A6000) AppleWebKit/537.36 (KHTML, like Gecko) Chrome/77.0.3865.116 Mobile Safari/537.36 EdgA/45.12.4.5121",1
119.14.48.201,-,-,27/Dec/2037:12:00:00 +0530,PUT,/usr/admin,HTTP/1.0,404,5055,http://www.blair.net/app/main/tagabout.php,"Mozilla/5.0 (Linux; Android 10; ONEPLUS A6000) AppleWebKit/537.36 (KHTML, like Gecko) Chrome/77.0.3865.116 Mobile Safari/537.36 EdgA/45.12.4.5121",1
3.87.208.44,-,-,27/Dec/2037:12:00:00 +0530,DELETE,/usr/login,HTTP/1.0,303,4973,-,"Mozilla/5.0 (Linux; Android 10; ONEPLUS A6000) AppleWebKit/537.36 (KHTML, like Gecko) Chrome/86.0.4240.198 Mobile Safari/537.36 OPR/61.2.3076.56749",0
114.79.203.253,-,-,27/Dec/2037:12:00:00 +0530,GET,/usr,HTTP/1.0,500,5016,http://www.blair.net/app/main/tagabout.php,Mozilla/5.0 (Windows NT 10.0; Win64; x64; rv:84.0) Gecko/20100101 Firefox/84.0,0
64.165.195.188,-,-,27/Dec/2037:12:00:00 +0530,GET,/usr/register,HTTP/1.0,200,5040,http://www.blair.net/app/main/tagabout.php,"Mozilla/5.0 (Linux; Android 10; ONEPLUS A6000) AppleWebKit/537.36 (KHTML, like Gecko) Chrome/77.0.3865.116 Mobile Safari/537.36 EdgA/45.12.4.5121",0
201.117.214.180,-,-,27/Dec/2037:12:00:00 +0530,PUT,/usr/admin,HTTP/1.0,200,4933,-,"Mozilla/5.0 (Windows NT 10.0; Win64; x64) AppleWebKit/537.36 (KHTML, like Gecko) Chrome/87.0.4280.88 Safari/537.36 OPR/73.0.3856.329",0
125.235.239.60,-,-,27/Dec/2037:12:00:00 +0530,POST,/usr/admin,HTTP/1.0,404,5000,http://www.blair.net/app/main/tagabout.php,Mozilla/5.0 (Android 10; Mobile; rv:84.0) Gecko/84.0 Firefox/84.0,1
219.87.230.210,-,-,27/Dec/2037:12:00:00 +0530,GET,/usr/register,HTTP/1.0,200,4998,http://www.blair.net/app/main/tagabout.php,"Mozilla/5.0 (Windows NT 10.0; Win64; x64) AppleWebKit/537.36 (KHTML, like Gecko) Chrome/87.0.4280.141 Safari/537.36",0
37.252.247.183,-,-,27/Dec/2037:12:00:00 +0530,GET,/usr/admin/developer,HTTP/1.0,200,5055,-,"Mozilla/5.0 (iPhone; CPU iPhone OS 12_4_9 like Mac OS X) AppleWebKit/605.1.15 (KHTML, like Gecko) Version/12.1.2 Mobile/15E148 Safari/604.1",0
172.80.223.110,-,-,27/Dec/2037:12:00:00 +0530,PUT,/usr/admin,HTTP/1.0,500,5031,-,Mozilla/5.0 (Windows NT 10.0; Win64; x64; rv:84.0) Gecko/20100101 Firefox/84.0,0
59.62.178.80,-,-,27/Dec/2037:12:00:00 +0530,GET,/usr/login,HTTP/1.0,404,5030,http://www.blair.net/app/main/tagabout.php,"Mozilla/5.0 (Macintosh; Intel Mac OS X 10_9_3) AppleWebKit/537.75.14 (KHTML, like Gecko) Version/7.0.3 Safari/7046A194A",1
143.204.220.232,-,-,27/Dec/2037:12:00:00 +0530,GET,/usr/register,HTTP/1.0,304,4941,http://www.blair.net/app/main/tagabout.php,"Mozilla/5.0 (Linux; Android 10; ONEPLUS A6000) AppleWebKit/537.36 (KHTML, like Gecko) Chrome/77.0.3865.116 Mobile Safari/537.36 EdgA/45.12.4.5121",0
191.48.238.71,-,-,27/Dec/2037:12:00:00 +0530,GET,/usr,HTTP/1.0,403,4886,-,"Mozilla/5.0 (Windows NT 10.0; Win64; x64) AppleWebKit/537.36 (KHTML, like Gecko) Chrome/89.0.4380.0 Safari/537.36 Edg/89.0.759.0",1
70.48.49.254,-,-,27/Dec/2037:12:00:00 +0530,PUT,/usr,HTTP/1.0,502,5053,http://www.blair.net/app/main/tagabout.php,"Mozilla/5.0 (Windows NT 10.0; Win64; x64) AppleWebKit/537.36 (KHTML, like Gecko) Chrome/87.0.4280.88 Safari/537.36 OPR/73.0.3856.329",0
183.34.204.21,-,-,27/Dec/2037:12:00:00 +0530,PUT,/usr/admin,HTTP/1.0,403,4935,-,Mozilla/5.0 (Android 10; Mobile; rv:84.0) Gecko/84.0 Firefox/84.0,1
54.9.170.127,-,-,27/Dec/2037:12:00:00 +0530,PUT,/usr/register,HTTP/1.0,500,4936,-,"Mozilla/5.0 (Windows NT 10.0; Win64; x64) AppleWebKit/537.36 (KHTML, like Gecko) Chrome/89.0.4380.0 Safari/537.36 Edg/89.0.759.0",0
184.163.158.79,-,-,27/Dec/2037:12:00:00 +0530,DELETE,/usr/login,HTTP/1.0,304,5061,-,"Mozilla/5.0 (Windows NT 10.0; Win64; x64) AppleWebKit/537.36 (KHTML, like Gecko) Chrome/87.0.4280.88 Safari/537.36 OPR/73.0.3856.329",0
208.113.158.1,-,-,27/Dec/2037:12:00:00 +0530,PUT,/usr/login,HTTP/1.0,404,5002,-,"Mozilla/5.0 (Macintosh; Intel Mac OS X 10_9_3) AppleWebKit/537.75.14 (KHTML, like Gecko) Version/7.0.3 Safari/7046A194A",1
191.81.138.135,-,-,27/Dec/2037:12:00:00 +0530,GET,/usr/login,HTTP/1.0,404,4948,-,"Mozilla/5.0 (Linux; Android 10; ONEPLUS A6000) AppleWebKit/537.36 (KHTML, like Gecko) Chrome/87.0.4280.141 Mobile Safari/537.36",1
214.156.136.173,-,-,27/Dec/2037:12:00:00 +0530,GET,/usr,HTTP/1.0,304,5052,-,Mozilla/5.0 (Windows NT 10.0; Win64; x64; rv:84.0) Gecko/20100101 Firefox/84.0,0
63.106.6.176,-,-,27/Dec/2037:12:00:00 +0530,PUT,/usr,HTTP/1.0,500,4992,http://www.blair.net/app/main/tagabout.php,"Mozilla/5.0 (iPhone; CPU iPhone OS 12_4_9 like Mac OS X) AppleWebKit/605.1.15 (KHTML, like Gecko) Version/12.1.2 Mobile/15E148 Safari/604.1",0
27.141.229.204,-,-,27/Dec/2037:12:00:00 +0530,GET,/usr/admin,HTTP/1.0,200,5062,http://www.blair.net/app/main/tagabout.php,"Mozilla/5.0 (iPhone; CPU iPhone OS 12_4_9 like Mac OS X) AppleWebKit/605.1.15 (KHTML, like Gecko) Version/12.1.2 Mobile/15E148 Safari/604.1",0
104.117.6.208,-,-,27/Dec/2037:12:00:00 +0530,GET,/usr/register,HTTP/1.0,502,5004,http://www.blair.net/app/main/tagabout.php,Mozilla/5.0 (Android 10; Mobile; rv:84.0) Gecko/84.0 Firefox/84.0,0
140.227.39.146,-,-,27/Dec/2037:12:00:00 +0530,DELETE,/usr/admin,HTTP/1.0,404,5035,-,"Mozilla/5.0 (Windows NT 10.0; Win64; x64) AppleWebKit/537.36 (KHTML, like Gecko) Chrome/89.0.4380.0 Safari/537.36 Edg/89.0.759.0",1
35.52.89.127,-,-,27/Dec/2037:12:00:00 +0530,GET,/usr/register,HTTP/1.0,502,4928,-,"Mozilla/5.0 (Macintosh; Intel Mac OS X 10_9_3) AppleWebKit/537.75.14 (KHTML, like Gecko) Version/7.0.3 Safari/7046A194A",0
83.218.64.190,-,-,27/Dec/2037:12:00:00 +0530,POST,/usr/admin/developer,HTTP/1.0,404,5012,-,"Mozilla/5.0 (Windows NT 10.0; Win64; x64) AppleWebKit/537.36 (KHTML, like Gecko) Chrome/87.0.4280.88 Safari/537.36 OPR/73.0.3856.329",1
206.166.247.128,-,-,27/Dec/2037:12:00:00 +0530,DELETE,/usr/login,HTTP/1.0,502,5043,http://www.blair.net/app/main/tagabout.php,"Mozilla/5.0 (Windows NT 10.0; Win64; x64) AppleWebKit/537.36 (KHTML, like Gecko) Chrome/89.0.4380.0 Safari/537.36 Edg/89.0.759.0",0
13.235.219.79,-,-,27/Dec/2037:12:00:00 +0530,GET,/usr/admin,HTTP/1.0,200,4926,-,"Mozilla/5.0 (Linux; Android 10; ONEPLUS A6000) AppleWebKit/537.36 (KHTML, like Gecko) Chrome/87.0.4280.141 Mobile Safari/537.36",0
19.143.105.228,-,-,27/Dec/2037:12:00:00 +0530,POST,/usr/admin/developer,HTTP/1.0,304,4999,-,"Mozilla/5.0 (Linux; Android 10; ONEPLUS A6000) AppleWebKit/537.36 (KHTML, like Gecko) Chrome/87.0.4280.141 Mobile Safari/537.36",0
40.50.18.123,-,-,27/Dec/2037:12:00:00 +0530,PUT,/usr/login,HTTP/1.0,200,4862,-,"Mozilla/5.0 (Linux; Android 10; ONEPLUS A6000) AppleWebKit/537.36 (KHTML, like Gecko) Chrome/86.0.4240.198 Mobile Safari/537.36 OPR/61.2.3076.56749",0
134.51.255.172,-,-,27/Dec/2037:12:00:00 +0530,PUT,/usr/login,HTTP/1.0,303,4928,http://www.blair.net/app/main/tagabout.php,"Mozilla/5.0 (Windows NT 10.0; Win64; x64) AppleWebKit/537.36 (KHTML, like Gecko) Chrome/87.0.4280.88 Safari/537.36 OPR/73.0.3856.329",0
4.255.195.177,-,-,27/Dec/2037:12:00:00 +0530,DELETE,/usr,HTTP/1.0,303,5028,http://www.blair.net/app/main/tagabout.php,"Mozilla/5.0 (Windows NT 10.0; Win64; x64) AppleWebKit/537.36 (KHTML, like Gecko) Chrome/87.0.4280.141 Safari/537.36",0
36.225.22.86,-,-,27/Dec/2037:12:00:00 +0530,PUT,/usr/login,HTTP/1.0,304,5054,http://www.blair.net/app/main/tagabout.php,"Mozilla/5.0 (Macintosh; Intel Mac OS X 10_9_3) AppleWebKit/537.75.14 (KHTML, like Gecko) Version/7.0.3 Safari/7046A194A",0
184.147.181.53,-,-,27/Dec/2037:12:00:00 +0530,DELETE,/usr,HTTP/1.0,404,5073,http://www.blair.net/app/main/tagabout.php,"Mozilla/5.0 (iPhone; CPU iPhone OS 12_4_9 like Mac OS X) AppleWebKit/605.1.15 (KHTML, like Gecko) Version/12.1.2 Mobile/15E148 Safari/604.1",1
99.44.146.2,-,-,27/Dec/2037:12:00:00 +0530,DELETE,/usr/register,HTTP/1.0,304,4916,http://www.blair.net/app/main/tagabout.php,"Mozilla/5.0 (Linux; Android 10; ONEPLUS A6000) AppleWebKit/537.36 (KHTML, like Gecko) Chrome/77.0.3865.116 Mobile Safari/537.36 EdgA/45.12.4.5121",0
63.151.52.113,-,-,27/Dec/2037:12:00:00 +0530,DELETE,/usr,HTTP/1.0,404,5018,-,"Mozilla/5.0 (Windows NT 10.0; Win64; x64) AppleWebKit/537.36 (KHTML, like Gecko) Chrome/87.0.4280.88 Safari/537.36 OPR/73.0.3856.329",1
223.99.149.179,-,-,27/Dec/2037:12:00:00 +0530,PUT,/usr,HTTP/1.0,303,4964,http://www.blair.net/app/main/tagabout.php,"Mozilla/5.0 (Linux; Android 10; ONEPLUS A6000) AppleWebKit/537.36 (KHTML, like Gecko) Chrome/77.0.3865.116 Mobile Safari/537.36 EdgA/45.12.4.5121",0
49.103.173.123,-,-,27/Dec/2037:12:00:00 +0530,DELETE,/usr/admin/developer,HTTP/1.0,303,4884,-,"Mozilla/5.0 (Macintosh; Intel Mac OS X 10_9_3) AppleWebKit/537.75.14 (KHTML, like Gecko) Version/7.0.3 Safari/7046A194A",0
183.190.153.134,-,-,27/Dec/2037:12:00:00 +0530,POST,/usr/admin,HTTP/1.0,502,4951,-,Mozilla/5.0 (Android 10; Mobile; rv:84.0) Gecko/84.0 Firefox/84.0,0
91.253.161.4,-,-,27/Dec/2037:12:00:00 +0530,PUT,/usr/login,HTTP/1.0,502,5007,http://www.blair.net/app/main/tagabout.php,"Mozilla/5.0 (Windows NT 10.0; Win64; x64) AppleWebKit/537.36 (KHTML, like Gecko) Chrome/87.0.4280.88 Safari/537.36 OPR/73.0.3856.329",0
59.117.83.159,-,-,27/Dec/2037:12:00:00 +0530,DELETE,/usr,HTTP/1.0,404,5009,http://www.blair.net/app/main/tagabout.php,"Mozilla/5.0 (Linux; Android 10; ONEPLUS A6000) AppleWebKit/537.36 (KHTML, like Gecko) Chrome/77.0.3865.116 Mobile Safari/537.36 EdgA/45.12.4.5121",1
171.241.237.14,-,-,27/Dec/2037:12:00:00 +0530,POST,/usr,HTTP/1.0,404,5009,http://www.blair.net/app/main/tagabout.php,"Mozilla/5.0 (Linux; Android 10; ONEPLUS A6000) AppleWebKit/537.36 (KHTML, like Gecko) Chrome/86.0.4240.198 Mobile Safari/537.36 OPR/61.2.3076.56749",1
73.74.200.51,-,-,27/Dec/2037:12:00:00 +0530,PUT,/usr/admin,HTTP/1.0,303,4984,http://www.blair.net/app/main/tagabout.php,"Mozilla/5.0 (Linux; Android 10; ONEPLUS A6000) AppleWebKit/537.36 (KHTML, like Gecko) Chrome/86.0.4240.198 Mobile Safari/537.36 OPR/61.2.3076.56749",0
81.178.188.149,-,-,27/Dec/2037:12:00:00 +0530,DELETE,/usr,HTTP/1.0,403,5110,http://www.blair.net/app/main/tagabout.php,"Mozilla/5.0 (iPhone; CPU iPhone OS 12_4_9 like Mac OS X) AppleWebKit/605.1.15 (KHTML, like Gecko) Version/12.1.2 Mobile/15E148 Safari/604.1",1
177.120.29.121,-,-,27/Dec/2037:12:00:00 +0530,PUT,/usr/register,HTTP/1.0,304,5119,-,"Mozilla/5.0 (Macintosh; Intel Mac OS X 10_9_3) AppleWebKit/537.75.14 (KHTML, like Gecko) Version/7.0.3 Safari/7046A194A",0
138.251.14.125,-,-,27/Dec/2037:12:00:00 +0530,POST,/usr/register,HTTP/1.0,304,5038,http://www.blair.net/app/main/tagabout.php,"Mozilla/5.0 (Macintosh; Intel Mac OS X 10_9_3) AppleWebKit/537.75.14 (KHTML, like Gecko) Version/7.0.3 Safari/7046A194A",0
65.165.30.53,-,-,27/Dec/2037:12:00:00 +0530,PUT,/usr/admin,HTTP/1.0,303,4952,http://www.blair.net/app/main/tagabout.php,"Mozilla/5.0 (Linux; Android 10; ONEPLUS A6000) AppleWebKit/537.36 (KHTML, like Gecko) Chrome/86.0.4240.198 Mobile Safari/537.36 OPR/61.2.3076.56749",0
104.191.233.40,-,-,27/Dec/2037:12:00:00 +0530,POST,/usr,HTTP/1.0,200,4991,http://www.blair.net/app/main/tagabout.php,"Mozilla/5.0 (Linux; Android 10; ONEPLUS A6000) AppleWebKit/537.36 (KHTML, like Gecko) Chrome/87.0.4280.141 Mobile Safari/537.36",0
222.26.225.188,-,-,27/Dec/2037:12:00:00 +0530,GET,/usr,HTTP/1.0,502,5045,-,"Mozilla/5.0 (Windows NT 10.0; Win64; x64) AppleWebKit/537.36 (KHTML, like Gecko) Chrome/87.0.4280.88 Safari/537.36 OPR/73.0.3856.329",0
6.17.46.29,-,-,27/Dec/2037:12:00:00 +0530,PUT,/usr,HTTP/1.0,404,4983,http://www.blair.net/app/main/tagabout.php,"Mozilla/5.0 (Linux; Android 10; ONEPLUS A6000) AppleWebKit/537.36 (KHTML, like Gecko) Chrome/87.0.4280.141 Mobile Safari/537.36",1
38.162.24.245,-,-,27/Dec/2037:12:00:00 +0530,PUT,/usr/admin/developer,HTTP/1.0,304,5032,http://www.blair.net/app/main/tagabout.php,"Mozilla/5.0 (Macintosh; Intel Mac OS X 10_9_3) AppleWebKit/537.75.14 (KHTML, like Gecko) Version/7.0.3 Safari/7046A194A",0
128.199.163.216,-,-,27/Dec/2037:12:00:00 +0530,DELETE,/usr/login,HTTP/1.0,403,4940,-,"Mozilla/5.0 (Windows NT 10.0; Win64; x64) AppleWebKit/537.36 (KHTML, like Gecko) Chrome/89.0.4380.0 Safari/537.36 Edg/89.0.759.0",1
113.127.250.255,-,-,27/Dec/2037:12:00:00 +0530,GET,/usr,HTTP/1.0,500,5003,http://www.blair.net/app/main/tagabout.php,"Mozilla/5.0 (Macintosh; Intel Mac OS X 10_9_3) AppleWebKit/537.75.14 (KHTML, like Gecko) Version/7.0.3 Safari/7046A194A",0
84.229.41.153,-,-,27/Dec/2037:12:00:00 +0530,POST,/usr/admin,HTTP/1.0,403,4986,-,Mozilla/5.0 (Android 10; Mobile; rv:84.0) Gecko/84.0 Firefox/84.0,1
66.129.148.86,-,-,27/Dec/2037:12:00:00 +0530,DELETE,/usr/register,HTTP/1.0,403,5021,http://www.blair.net/app/main/tagabout.php,"Mozilla/5.0 (Macintosh; Intel Mac OS X 10_9_3) AppleWebKit/537.75.14 (KHTML, like Gecko) Version/7.0.3 Safari/7046A194A",1
206.14.157.36,-,-,27/Dec/2037:12:00:00 +0530,GET,/usr/register,HTTP/1.0,500,5046,http://www.blair.net/app/main/tagabout.php,"Mozilla/5.0 (iPhone; CPU iPhone OS 12_4_9 like Mac OS X) AppleWebKit/605.1.15 (KHTML, like Gecko) Version/12.1.2 Mobile/15E148 Safari/604.1",0
130.142.192.231,-,-,27/Dec/2037:12:00:00 +0530,PUT,/usr,HTTP/1.0,200,4934,-,"Mozilla/5.0 (Linux; Android 10; ONEPLUS A6000) AppleWebKit/537.36 (KHTML, like Gecko) Chrome/77.0.3865.116 Mobile Safari/537.36 EdgA/45.12.4.5121",0
46.80.184.203,-,-,27/Dec/2037:12:00:00 +0530,PUT,/usr/register,HTTP/1.0,304,5040,http://www.blair.net/app/main/tagabout.php,"Mozilla/5.0 (Macintosh; Intel Mac OS X 10_9_3) AppleWebKit/537.75.14 (KHTML, like Gecko) Version/7.0.3 Safari/7046A194A",0
66.65.129.23,-,-,27/Dec/2037:12:00:00 +0530,DELETE,/usr/admin/developer,HTTP/1.0,502,4982,http://www.blair.net/app/main/tagabout.php,"Mozilla/5.0 (Windows NT 10.0; Win64; x64) AppleWebKit/537.36 (KHTML, like Gecko) Chrome/89.0.4380.0 Safari/537.36 Edg/89.0.759.0",0
115.172.15.187,-,-,27/Dec/2037:12:00:00 +0530,POST,/usr,HTTP/1.0,403,5062,http://www.blair.net/app/main/tagabout.php,"Mozilla/5.0 (Linux; Android 10; ONEPLUS A6000) AppleWebKit/537.36 (KHTML, like Gecko) Chrome/87.0.4280.141 Mobile Safari/537.36",1
33.31.193.186,-,-,27/Dec/2037:12:00:00 +0530,PUT,/usr/register,HTTP/1.0,403,5008,-,"Mozilla/5.0 (Windows NT 10.0; Win64; x64) AppleWebKit/537.36 (KHTML, like Gecko) Chrome/87.0.4280.141 Safari/537.36",1
4.172.169.110,-,-,27/Dec/2037:12:00:00 +0530,GET,/usr/admin/developer,HTTP/1.0,404,4964,-,Mozilla/5.0 (Windows NT 10.0; Win64; x64; rv:84.0) Gecko/20100101 Firefox/84.0,1
132.46.162.203,-,-,27/Dec/2037:12:00:00 +0530,PUT,/usr/login,HTTP/1.0,404,4975,http://www.blair.net/app/main/tagabout.php,"Mozilla/5.0 (Macintosh; Intel Mac OS X 10_9_3) AppleWebKit/537.75.14 (KHTML, like Gecko) Version/7.0.3 Safari/7046A194A",1
129.153.146.1,-,-,27/Dec/2037:12:00:00 +0530,DELETE,/usr/admin,HTTP/1.0,403,5082,-,"Mozilla/5.0 (Windows NT 10.0; Win64; x64) AppleWebKit/537.36 (KHTML, like Gecko) Chrome/87.0.4280.141 Safari/537.36",1
133.89.49.88,-,-,27/Dec/2037:12:00:00 +0530,DELETE,/usr/admin,HTTP/1.0,200,5040,-,"Mozilla/5.0 (Macintosh; Intel Mac OS X 10_9_3) AppleWebKit/537.75.14 (KHTML, like Gecko) Version/7.0.3 Safari/7046A194A",0
137.52.196.62,-,-,27/Dec/2037:12:00:00 +0530,POST,/usr,HTTP/1.0,500,4959,http://www.blair.net/app/main/tagabout.php,"Mozilla/5.0 (iPhone; CPU iPhone OS 12_4_9 like Mac OS X) AppleWebKit/605.1.15 (KHTML, like Gecko) Version/12.1.2 Mobile/15E148 Safari/604.1",0
120.1.0.245,-,-,27/Dec/2037:12:00:00 +0530,PUT,/usr/login,HTTP/1.0,303,5055,-,"Mozilla/5.0 (Windows NT 10.0; Win64; x64) AppleWebKit/537.36 (KHTML, like Gecko) Chrome/87.0.4280.88 Safari/537.36 OPR/73.0.3856.329",0
174.208.226.50,-,-,27/Dec/2037:12:00:00 +0530,DELETE,/usr/admin/developer,HTTP/1.0,404,4925,-,"Mozilla/5.0 (Linux; Android 10; ONEPLUS A6000) AppleWebKit/537.36 (KHTML, like Gecko) Chrome/86.0.4240.198 Mobile Safari/537.36 OPR/61.2.3076.56749",1
89.1.129.79,-,-,27/Dec/2037:12:00:00 +0530,DELETE,/usr/register,HTTP/1.0,200,4887,-,"Mozilla/5.0 (Macintosh; Intel Mac OS X 10_9_3) AppleWebKit/537.75.14 (KHTML, like Gecko) Version/7.0.3 Safari/7046A194A",0
198.170.122.70,-,-,27/Dec/2037:12:00:00 +0530,DELETE,/usr,HTTP/1.0,303,5056,http://www.blair.net/app/main/tagabout.php,"Mozilla/5.0 (Macintosh; Intel Mac OS X 10_9_3) AppleWebKit/537.75.14 (KHTML, like Gecko) Version/7.0.3 Safari/7046A194A",0
113.186.66.110,-,-,27/Dec/2037:12:00:00 +0530,GET,/usr/login,HTTP/1.0,404,5047,-,Mozilla/5.0 (Windows NT 10.0; Win64; x64; rv:84.0) Gecko/20100101 Firefox/84.0,1
84.9.115.228,-,-,27/Dec/2037:12:00:00 +0530,GET,/usr/admin/developer,HTTP/1.0,200,4972,-,"Mozilla/5.0 (Windows NT 10.0; Win64; x64) AppleWebKit/537.36 (KHTML, like Gecko) Chrome/87.0.4280.88 Safari/537.36 OPR/73.0.3856.329",0
212.106.11.157,-,-,27/Dec/2037:12:00:00 +0530,POST,/usr/admin,HTTP/1.0,304,5008,-,"Mozilla/5.0 (iPhone; CPU iPhone OS 12_4_9 like Mac OS X) AppleWebKit/605.1.15 (KHTML, like Gecko) Version/12.1.2 Mobile/15E148 Safari/604.1",0
3.24.173.156,-,-,27/Dec/2037:12:00:00 +0530,POST,/usr/login,HTTP/1.0,500,4891,http://www.blair.net/app/main/tagabout.php,"Mozilla/5.0 (Windows NT 10.0; Win64; x64) AppleWebKit/537.36 (KHTML, like Gecko) Chrome/87.0.4280.141 Safari/537.36",0
69.35.22.60,-,-,27/Dec/2037:12:00:00 +0530,DELETE,/usr/admin,HTTP/1.0,303,5000,http://www.blair.net/app/main/tagabout.php,"Mozilla/5.0 (iPhone; CPU iPhone OS 12_4_9 like Mac OS X) AppleWebKit/605.1.15 (KHTML, like Gecko) Version/12.1.2 Mobile/15E148 Safari/604.1",0
38.55.72.60,-,-,27/Dec/2037:12:00:00 +0530,POST,/usr/admin,HTTP/1.0,303,5035,-,"Mozilla/5.0 (Windows NT 10.0; Win64; x64) AppleWebKit/537.36 (KHTML, like Gecko) Chrome/87.0.4280.141 Safari/537.36",0
105.200.35.192,-,-,27/Dec/2037:12:00:00 +0530,PUT,/usr/login,HTTP/1.0,303,5038,http://www.blair.net/app/main/tagabout.php,"Mozilla/5.0 (Linux; Android 10; ONEPLUS A6000) AppleWebKit/537.36 (KHTML, like Gecko) Chrome/86.0.4240.198 Mobile Safari/537.36 OPR/61.2.3076.56749",0
145.202.106.12,-,-,27/Dec/2037:12:00:00 +0530,POST,/usr/register,HTTP/1.0,200,4917,http://www.blair.net/app/main/tagabout.php,"Mozilla/5.0 (Windows NT 10.0; Win64; x64) AppleWebKit/537.36 (KHTML, like Gecko) Chrome/89.0.4380.0 Safari/537.36 Edg/89.0.759.0",0
206.129.28.53,-,-,27/Dec/2037:12:00:00 +0530,DELETE,/usr/admin,HTTP/1.0,304,5073,http://www.blair.net/app/main/tagabout.php,"Mozilla/5.0 (Windows NT 10.0; Win64; x64) AppleWebKit/537.36 (KHTML, like Gecko) Chrome/89.0.4380.0 Safari/537.36 Edg/89.0.759.0",0
81.118.35.161,-,-,27/Dec/2037:12:00:00 +0530,POST,/usr/login,HTTP/1.0,303,5034,-,Mozilla/5.0 (Android 10; Mobile; rv:84.0) Gecko/84.0 Firefox/84.0,0
83.113.25.78,-,-,27/Dec/2037:12:00:00 +0530,PUT,/usr/admin/developer,HTTP/1.0,502,5085,http://www.blair.net/app/main/tagabout.php,Mozilla/5.0 (Windows NT 10.0; Win64; x64; rv:84.0) Gecko/20100101 Firefox/84.0,0
114.109.172.177,-,-,27/Dec/2037:12:00:00 +0530,DELETE,/usr/admin,HTTP/1.0,403,5023,http://www.blair.net/app/main/tagabout.php,"Mozilla/5.0 (Linux; Android 10; ONEPLUS A6000) AppleWebKit/537.36 (KHTML, like Gecko) Chrome/77.0.3865.116 Mobile Safari/537.36 EdgA/45.12.4.5121",1
85.196.84.151,-,-,27/Dec/2037:12:00:00 +0530,POST,/usr/admin/developer,HTTP/1.0,502,5060,http://www.blair.net/app/main/tagabout.php,"Mozilla/5.0 (Linux; Android 10; ONEPLUS A6000) AppleWebKit/537.36 (KHTML, like Gecko) Chrome/77.0.3865.116 Mobile Safari/537.36 EdgA/45.12.4.5121",0
70.62.112.140,-,-,27/Dec/2037:12:00:00 +0530,DELETE,/usr,HTTP/1.0,500,5028,-,"Mozilla/5.0 (Linux; Android 10; ONEPLUS A6000) AppleWebKit/537.36 (KHTML, like Gecko) Chrome/77.0.3865.116 Mobile Safari/537.36 EdgA/45.12.4.5121",0
45.13.188.82,-,-,27/Dec/2037:12:00:00 +0530,DELETE,/usr,HTTP/1.0,303,5030,http://www.blair.net/app/main/tagabout.php,"Mozilla/5.0 (iPhone; CPU iPhone OS 12_4_9 like Mac OS X) AppleWebKit/605.1.15 (KHTML, like Gecko) Version/12.1.2 Mobile/15E148 Safari/604.1",0
39.222.237.85,-,-,27/Dec/2037:12:00:00 +0530,GET,/usr/admin,HTTP/1.0,304,4943,-,Mozilla/5.0 (Android 10; Mobile; rv:84.0) Gecko/84.0 Firefox/84.0,0
167.238.212.135,-,-,27/Dec/2037:12:00:00 +0530,GET,/usr/login,HTTP/1.0,502,5034,-,"Mozilla/5.0 (Windows NT 10.0; Win64; x64) AppleWebKit/537.36 (KHTML, like Gecko) Chrome/87.0.4280.88 Safari/537.36 OPR/73.0.3856.329",0
20.14.231.43,-,-,27/Dec/2037:12:00:00 +0530,DELETE,/usr/login,HTTP/1.0,403,5082,http://www.blair.net/app/main/tagabout.php,Mozilla/5.0 (Windows NT 10.0; Win64; x64; rv:84.0) Gecko/20100101 Firefox/84.0,1
158.2.200.243,-,-,27/Dec/2037:12:00:00 +0530,PUT,/usr/login,HTTP/1.0,200,5051,http://www.blair.net/app/main/tagabout.php,Mozilla/5.0 (Windows NT 10.0; Win64; x64; rv:84.0) Gecko/20100101 Firefox/84.0,0
114.49.97.36,-,-,27/Dec/2037:12:00:00 +0530,POST,/usr/register,HTTP/1.0,304,4978,http://www.blair.net/app/main/tagabout.php,"Mozilla/5.0 (Linux; Android 10; ONEPLUS A6000) AppleWebKit/537.36 (KHTML, like Gecko) Chrome/77.0.3865.116 Mobile Safari/537.36 EdgA/45.12.4.5121",0
162.68.252.144,-,-,27/Dec/2037:12:00:00 +0530,POST,/usr/admin,HTTP/1.0,403,4990,-,"Mozilla/5.0 (Linux; Android 10; ONEPLUS A6000) AppleWebKit/537.36 (KHTML, like Gecko) Chrome/77.0.3865.116 Mobile Safari/537.36 EdgA/45.12.4.5121",1
136.255.93.246,-,-,27/Dec/2037:12:00:00 +0530,GET,/usr/admin,HTTP/1.0,403,4972,http://www.blair.net/app/main/tagabout.php,"Mozilla/5.0 (iPhone; CPU iPhone OS 12_4_9 like Mac OS X) AppleWebKit/605.1.15 (KHTML, like Gecko) Version/12.1.2 Mobile/15E148 Safari/604.1",1
89.56.236.64,-,-,27/Dec/2037:12:00:00 +0530,GET,/usr/login,HTTP/1.0,304,4961,-,Mozilla/5.0 (Android 10; Mobile; rv:84.0) Gecko/84.0 Firefox/84.0,0
7.241.26.20,-,-,27/Dec/2037:12:00:00 +0530,PUT,/usr/admin/developer,HTTP/1.0,404,5002,-,Mozilla/5.0 (Android 10; Mobile; rv:84.0) Gecko/84.0 Firefox/84.0,1
44.204.221.87,-,-,27/Dec/2037:12:00:00 +0530,GET,/usr/login,HTTP/1.0,403,5029,http://www.blair.net/app/main/tagabout.php,Mozilla/5.0 (Windows NT 10.0; Win64; x64; rv:84.0) Gecko/20100101 Firefox/84.0,1
162.131.244.24,-,-,27/Dec/2037:12:00:00 +0530,PUT,/usr/register,HTTP/1.0,200,4958,http://www.blair.net/app/main/tagabout.php,"Mozilla/5.0 (Macintosh; Intel Mac OS X 10_9_3) AppleWebKit/537.75.14 (KHTML, like Gecko) Version/7.0.3 Safari/7046A194A",0
41.9.116.198,-,-,27/Dec/2037:12:00:00 +0530,PUT,/usr/register,HTTP/1.0,403,5062,http://www.blair.net/app/main/tagabout.php,Mozilla/5.0 (Windows NT 10.0; Win64; x64; rv:84.0) Gecko/20100101 Firefox/84.0,1
70.26.90.221,-,-,27/Dec/2037:12:00:00 +0530,PUT,/usr,HTTP/1.0,403,5025,http://www.blair.net/app/main/tagabout.php,"Mozilla/5.0 (iPhone; CPU iPhone OS 12_4_9 like Mac OS X) AppleWebKit/605.1.15 (KHTML, like Gecko) Version/12.1.2 Mobile/15E148 Safari/604.1",1
89.105.239.179,-,-,27/Dec/2037:12:00:00 +0530,DELETE,/usr/admin,HTTP/1.0,303,5004,-,"Mozilla/5.0 (Windows NT 10.0; Win64; x64) AppleWebKit/537.36 (KHTML, like Gecko) Chrome/87.0.4280.141 Safari/537.36",0
123.28.145.13,-,-,27/Dec/2037:12:00:00 +0530,GET,/usr,HTTP/1.0,500,4979,-,Mozilla/5.0 (Android 10; Mobile; rv:84.0) Gecko/84.0 Firefox/84.0,0
64.169.143.54,-,-,27/Dec/2037:12:00:00 +0530,PUT,/usr,HTTP/1.0,200,5040,http://www.blair.net/app/main/tagabout.php,"Mozilla/5.0 (Linux; Android 10; ONEPLUS A6000) AppleWebKit/537.36 (KHTML, like Gecko) Chrome/87.0.4280.141 Mobile Safari/537.36",0
24.114.202.218,-,-,27/Dec/2037:12:00:00 +0530,GET,/usr/admin,HTTP/1.0,200,4977,-,Mozilla/5.0 (Android 10; Mobile; rv:84.0) Gecko/84.0 Firefox/84.0,0
158.215.120.146,-,-,27/Dec/2037:12:00:00 +0530,GET,/usr/admin/developer,HTTP/1.0,404,5072,-,"Mozilla/5.0 (Macintosh; Intel Mac OS X 10_9_3) AppleWebKit/537.75.14 (KHTML, like Gecko) Version/7.0.3 Safari/7046A194A",1
166.26.197.237,-,-,27/Dec/2037:12:00:00 +0530,GET,/usr/admin,HTTP/1.0,303,4967,http://www.blair.net/app/main/tagabout.php,Mozilla/5.0 (Android 10; Mobile; rv:84.0) Gecko/84.0 Firefox/84.0,0
77.194.86.38,-,-,27/Dec/2037:12:00:00 +0530,PUT,/usr/admin,HTTP/1.0,404,4954,http://www.blair.net/app/main/tagabout.php,Mozilla/5.0 (Android 10; Mobile; rv:84.0) Gecko/84.0 Firefox/84.0,1
44.133.109.127,-,-,27/Dec/2037:12:00:00 +0530,DELETE,/usr,HTTP/1.0,200,4997,http://www.blair.net/app/main/tagabout.php,Mozilla/5.0 (Windows NT 10.0; Win64; x64; rv:84.0) Gecko/20100101 Firefox/84.0,0
105.78.160.88,-,-,27/Dec/2037:12:00:00 +0530,POST,/usr,HTTP/1.0,303,4931,http://www.blair.net/app/main/tagabout.php,"Mozilla/5.0 (Macintosh; Intel Mac OS X 10_9_3) AppleWebKit/537.75.14 (KHTML, like Gecko) Version/7.0.3 Safari/7046A194A",0
209.60.22.53,-,-,27/Dec/2037:12:00:00 +0530,GET,/usr/register,HTTP/1.0,303,5015,-,"Mozilla/5.0 (Macintosh; Intel Mac OS X 10_9_3) AppleWebKit/537.75.14 (KHTML, like Gecko) Version/7.0.3 Safari/7046A194A",0
146.4.36.171,-,-,27/Dec/2037:12:00:00 +0530,GET,/usr/login,HTTP/1.0,303,5030,-,"Mozilla/5.0 (Macintosh; Intel Mac OS X 10_9_3) AppleWebKit/537.75.14 (KHTML, like Gecko) Version/7.0.3 Safari/7046A194A",0
181.136.47.188,-,-,27/Dec/2037:12:00:00 +0530,PUT,/usr/admin,HTTP/1.0,403,4967,http://www.blair.net/app/main/tagabout.php,"Mozilla/5.0 (Windows NT 10.0; Win64; x64) AppleWebKit/537.36 (KHTML, like Gecko) Chrome/87.0.4280.88 Safari/537.36 OPR/73.0.3856.329",1
148.222.222.185,-,-,27/Dec/2037:12:00:00 +0530,GET,/usr/register,HTTP/1.0,502,4924,-,"Mozilla/5.0 (Linux; Android 10; ONEPLUS A6000) AppleWebKit/537.36 (KHTML, like Gecko) Chrome/87.0.4280.141 Mobile Safari/537.36",0
1.148.113.78,-,-,27/Dec/2037:12:00:00 +0530,POST,/usr/register,HTTP/1.0,404,4972,-,"Mozilla/5.0 (Windows NT 10.0; Win64; x64) AppleWebKit/537.36 (KHTML, like Gecko) Chrome/87.0.4280.141 Safari/537.36",1
12.159.138.147,-,-,27/Dec/2037:12:00:00 +0530,PUT,/usr/login,HTTP/1.0,200,5066,http://www.blair.net/app/main/tagabout.php,"Mozilla/5.0 (Linux; Android 10; ONEPLUS A6000) AppleWebKit/537.36 (KHTML, like Gecko) Chrome/86.0.4240.198 Mobile Safari/537.36 OPR/61.2.3076.56749",0
43.21.215.197,-,-,27/Dec/2037:12:00:00 +0530,DELETE,/usr/login,HTTP/1.0,500,5143,-,"Mozilla/5.0 (Linux; Android 10; ONEPLUS A6000) AppleWebKit/537.36 (KHTML, like Gecko) Chrome/87.0.4280.141 Mobile Safari/537.36",0
171.45.142.136,-,-,27/Dec/2037:12:00:00 +0530,GET,/usr/login,HTTP/1.0,304,4858,http://www.blair.net/app/main/tagabout.php,"Mozilla/5.0 (Linux; Android 10; ONEPLUS A6000) AppleWebKit/537.36 (KHTML, like Gecko) Chrome/87.0.4280.141 Mobile Safari/537.36",0
154.58.64.186,-,-,27/Dec/2037:12:00:00 +0530,GET,/usr/admin/developer,HTTP/1.0,304,5008,http://www.blair.net/app/main/tagabout.php,"Mozilla/5.0 (Windows NT 10.0; Win64; x64) AppleWebKit/537.36 (KHTML, like Gecko) Chrome/87.0.4280.88 Safari/537.36 OPR/73.0.3856.329",0
1.253.81.209,-,-,27/Dec/2037:12:00:00 +0530,GET,/usr/login,HTTP/1.0,304,5071,http://www.blair.net/app/main/tagabout.php,"Mozilla/5.0 (Windows NT 10.0; Win64; x64) AppleWebKit/537.36 (KHTML, like Gecko) Chrome/89.0.4380.0 Safari/537.36 Edg/89.0.759.0",0
146.89.9.23,-,-,27/Dec/2037:12:00:00 +0530,PUT,/usr/register,HTTP/1.0,500,5021,-,Mozilla/5.0 (Android 10; Mobile; rv:84.0) Gecko/84.0 Firefox/84.0,0
13.50.58.179,-,-,27/Dec/2037:12:00:00 +0530,DELETE,/usr/admin/developer,HTTP/1.0,403,4940,http://www.blair.net/app/main/tagabout.php,"Mozilla/5.0 (Windows NT 10.0; Win64; x64) AppleWebKit/537.36 (KHTML, like Gecko) Chrome/89.0.4380.0 Safari/537.36 Edg/89.0.759.0",1
117.201.95.125,-,-,27/Dec/2037:12:00:00 +0530,PUT,/usr,HTTP/1.0,403,4955,http://www.blair.net/app/main/tagabout.php,"Mozilla/5.0 (Linux; Android 10; ONEPLUS A6000) AppleWebKit/537.36 (KHTML, like Gecko) Chrome/77.0.3865.116 Mobile Safari/537.36 EdgA/45.12.4.5121",1
27.225.14.30,-,-,27/Dec/2037:12:00:00 +0530,DELETE,/usr/admin,HTTP/1.0,500,4950,-,Mozilla/5.0 (Android 10; Mobile; rv:84.0) Gecko/84.0 Firefox/84.0,0
27.67.41.187,-,-,27/Dec/2037:12:00:00 +0530,POST,/usr/admin,HTTP/1.0,403,5054,-,"Mozilla/5.0 (iPhone; CPU iPhone OS 12_4_9 like Mac OS X) AppleWebKit/605.1.15 (KHTML, like Gecko) Version/12.1.2 Mobile/15E148 Safari/604.1",1
85.215.112.122,-,-,27/Dec/2037:12:00:00 +0530,DELETE,/usr/admin/developer,HTTP/1.0,304,4951,http://www.blair.net/app/main/tagabout.php,"Mozilla/5.0 (iPhone; CPU iPhone OS 12_4_9 like Mac OS X) AppleWebKit/605.1.15 (KHTML, like Gecko) Version/12.1.2 Mobile/15E148 Safari/604.1",0
201.88.126.245,-,-,27/Dec/2037:12:00:00 +0530,GET,/usr,HTTP/1.0,303,5033,http://www.blair.net/app/main/tagabout.php,Mozilla/5.0 (Windows NT 10.0; Win64; x64; rv:84.0) Gecko/20100101 Firefox/84.0,0
23.65.73.173,-,-,27/Dec/2037:12:00:00 +0530,DELETE,/usr,HTTP/1.0,303,4999,http://www.blair.net/app/main/tagabout.php,"Mozilla/5.0 (Macintosh; Intel Mac OS X 10_9_3) AppleWebKit/537.75.14 (KHTML, like Gecko) Version/7.0.3 Safari/7046A194A",0
41.63.251.158,-,-,27/Dec/2037:12:00:00 +0530,POST,/usr,HTTP/1.0,303,4998,-,"Mozilla/5.0 (iPhone; CPU iPhone OS 12_4_9 like Mac OS X) AppleWebKit/605.1.15 (KHTML, like Gecko) Version/12.1.2 Mobile/15E148 Safari/604.1",0
98.112.39.58,-,-,27/Dec/2037:12:00:00 +0530,GET,/usr/admin/developer,HTTP/1.0,200,4981,http://www.blair.net/app/main/tagabout.php,"Mozilla/5.0 (Windows NT 10.0; Win64; x64) AppleWebKit/537.36 (KHTML, like Gecko) Chrome/87.0.4280.141 Safari/537.36",0
181.195.91.37,-,-,27/Dec/2037:12:00:00 +0530,POST,/usr/register,HTTP/1.0,403,4975,-,"Mozilla/5.0 (Windows NT 10.0; Win64; x64) AppleWebKit/537.36 (KHTML, like Gecko) Chrome/87.0.4280.88 Safari/537.36 OPR/73.0.3856.329",1
50.95.238.232,-,-,27/Dec/2037:12:00:00 +0530,POST,/usr/admin/developer,HTTP/1.0,303,4999,http://www.blair.net/app/main/tagabout.php,"Mozilla/5.0 (Linux; Android 10; ONEPLUS A6000) AppleWebKit/537.36 (KHTML, like Gecko) Chrome/86.0.4240.198 Mobile Safari/537.36 OPR/61.2.3076.56749",0
151.18.205.68,-,-,27/Dec/2037:12:00:00 +0530,POST,/usr,HTTP/1.0,404,4921,-,"Mozilla/5.0 (Linux; Android 10; ONEPLUS A6000) AppleWebKit/537.36 (KHTML, like Gecko) Chrome/77.0.3865.116 Mobile Safari/537.36 EdgA/45.12.4.5121",1
118.98.49.141,-,-,27/Dec/2037:12:00:00 +0530,DELETE,/usr/login,HTTP/1.0,200,4988,-,"Mozilla/5.0 (iPhone; CPU iPhone OS 12_4_9 like Mac OS X) AppleWebKit/605.1.15 (KHTML, like Gecko) Version/12.1.2 Mobile/15E148 Safari/604.1",0
13.63.251.13,-,-,27/Dec/2037:12:00:00 +0530,GET,/usr/admin/developer,HTTP/1.0,200,4983,http://www.blair.net/app/main/tagabout.php,"Mozilla/5.0 (Windows NT 10.0; Win64; x64) AppleWebKit/537.36 (KHTML, like Gecko) Chrome/87.0.4280.141 Safari/537.36",0
37.238.197.103,-,-,27/Dec/2037:12:00:00 +0530,GET,/usr,HTTP/1.0,403,5042,http://www.blair.net/app/main/tagabout.php,"Mozilla/5.0 (Linux; Android 10; ONEPLUS A6000) AppleWebKit/537.36 (KHTML, like Gecko) Chrome/86.0.4240.198 Mobile Safari/537.36 OPR/61.2.3076.56749",1
191.177.59.23,-,-,27/Dec/2037:12:00:00 +0530,POST,/usr/register,HTTP/1.0,200,5108,http://www.blair.net/app/main/tagabout.php,Mozilla/5.0 (Android 10; Mobile; rv:84.0) Gecko/84.0 Firefox/84.0,0
177.225.198.196,-,-,27/Dec/2037:12:00:00 +0530,POST,/usr/register,HTTP/1.0,304,4995,-,"Mozilla/5.0 (Linux; Android 10; ONEPLUS A6000) AppleWebKit/537.36 (KHTML, like Gecko) Chrome/87.0.4280.141 Mobile Safari/537.36",0
137.242.152.184,-,-,27/Dec/2037:12:00:00 +0530,POST,/usr/register,HTTP/1.0,403,5034,-,Mozilla/5.0 (Windows NT 10.0; Win64; x64; rv:84.0) Gecko/20100101 Firefox/84.0,1
197.77.195.174,-,-,27/Dec/2037:12:00:00 +0530,PUT,/usr/register,HTTP/1.0,403,5017,-,"Mozilla/5.0 (Linux; Android 10; ONEPLUS A6000) AppleWebKit/537.36 (KHTML, like Gecko) Chrome/86.0.4240.198 Mobile Safari/537.36 OPR/61.2.3076.56749",1
2.152.157.103,-,-,27/Dec/2037:12:00:00 +0530,POST,/usr/register,HTTP/1.0,303,5031,http://www.blair.net/app/main/tagabout.php,Mozilla/5.0 (Windows NT 10.0; Win64; x64; rv:84.0) Gecko/20100101 Firefox/84.0,0
51.128.42.11,-,-,27/Dec/2037:12:00:00 +0530,DELETE,/usr,HTTP/1.0,200,4990,http://www.blair.net/app/main/tagabout.php,"Mozilla/5.0 (iPhone; CPU iPhone OS 12_4_9 like Mac OS X) AppleWebKit/605.1.15 (KHTML, like Gecko) Version/12.1.2 Mobile/15E148 Safari/604.1",0
195.167.184.185,-,-,27/Dec/2037:12:00:00 +0530,PUT,/usr/login,HTTP/1.0,500,4971,-,"Mozilla/5.0 (Linux; Android 10; ONEPLUS A6000) AppleWebKit/537.36 (KHTML, like Gecko) Chrome/87.0.4280.141 Mobile Safari/537.36",0
121.26.208.205,-,-,27/Dec/2037:12:00:00 +0530,DELETE,/usr/admin,HTTP/1.0,500,5017,http://www.blair.net/app/main/tagabout.php,"Mozilla/5.0 (Linux; Android 10; ONEPLUS A6000) AppleWebKit/537.36 (KHTML, like Gecko) Chrome/86.0.4240.198 Mobile Safari/537.36 OPR/61.2.3076.56749",0
102.174.117.167,-,-,27/Dec/2037:12:00:00 +0530,PUT,/usr/admin/developer,HTTP/1.0,502,5048,http://www.blair.net/app/main/tagabout.php,"Mozilla/5.0 (Linux; Android 10; ONEPLUS A6000) AppleWebKit/537.36 (KHTML, like Gecko) Chrome/86.0.4240.198 Mobile Safari/537.36 OPR/61.2.3076.56749",0
162.13.159.47,-,-,27/Dec/2037:12:00:00 +0530,DELETE,/usr/admin,HTTP/1.0,403,5091,-,"Mozilla/5.0 (Windows NT 10.0; Win64; x64) AppleWebKit/537.36 (KHTML, like Gecko) Chrome/89.0.4380.0 Safari/537.36 Edg/89.0.759.0",1
146.3.53.205,-,-,27/Dec/2037:12:00:00 +0530,POST,/usr,HTTP/1.0,303,4992,http://www.blair.net/app/main/tagabout.php,"Mozilla/5.0 (Linux; Android 10; ONEPLUS A6000) AppleWebKit/537.36 (KHTML, like Gecko) Chrome/87.0.4280.141 Mobile Safari/537.36",0
144.44.54.75,-,-,27/Dec/2037:12:00:00 +0530,GET,/usr/admin/developer,HTTP/1.0,404,5043,http://www.blair.net/app/main/tagabout.php,"Mozilla/5.0 (Linux; Android 10; ONEPLUS A6000) AppleWebKit/537.36 (KHTML, like Gecko) Chrome/87.0.4280.141 Mobile Safari/537.36",1
28.116.140.32,-,-,27/Dec/2037:12:00:00 +0530,GET,/usr/login,HTTP/1.0,500,5041,-,"Mozilla/5.0 (Linux; Android 10; ONEPLUS A6000) AppleWebKit/537.36 (KHTML, like Gecko) Chrome/77.0.3865.116 Mobile Safari/537.36 EdgA/45.12.4.5121",0
38.139.9.183,-,-,27/Dec/2037:12:00:00 +0530,DELETE,/usr/login,HTTP/1.0,200,4965,http://www.blair.net/app/main/tagabout.php,"Mozilla/5.0 (Linux; Android 10; ONEPLUS A6000) AppleWebKit/537.36 (KHTML, like Gecko) Chrome/77.0.3865.116 Mobile Safari/537.36 EdgA/45.12.4.5121",0
131.195.206.17,-,-,27/Dec/2037:12:00:00 +0530,PUT,/usr/register,HTTP/1.0,502,4934,http://www.blair.net/app/main/tagabout.php,"Mozilla/5.0 (Linux; Android 10; ONEPLUS A6000) AppleWebKit/537.36 (KHTML, like Gecko) Chrome/87.0.4280.141 Mobile Safari/537.36",0
195.195.133.240,-,-,27/Dec/2037:12:00:00 +0530,POST,/usr/register,HTTP/1.0,304,5094,-,"Mozilla/5.0 (Linux; Android 10; ONEPLUS A6000) AppleWebKit/537.36 (KHTML, like Gecko) Chrome/87.0.4280.141 Mobile Safari/537.36",0
121.215.44.22,-,-,27/Dec/2037:12:00:00 +0530,GET,/usr,HTTP/1.0,200,5049,-,Mozilla/5.0 (Windows NT 10.0; Win64; x64; rv:84.0) Gecko/20100101 Firefox/84.0,0
134.154.214.99,-,-,27/Dec/2037:12:00:00 +0530,GET,/usr/admin/developer,HTTP/1.0,200,4944,http://www.blair.net/app/main/tagabout.php,Mozilla/5.0 (Windows NT 10.0; Win64; x64; rv:84.0) Gecko/20100101 Firefox/84.0,0
41.170.222.169,-,-,27/Dec/2037:12:00:00 +0530,PUT,/usr/admin,HTTP/1.0,404,5142,http://www.blair.net/app/main/tagabout.php,"Mozilla/5.0 (Linux; Android 10; ONEPLUS A6000) AppleWebKit/537.36 (KHTML, like Gecko) Chrome/77.0.3865.116 Mobile Safari/537.36 EdgA/45.12.4.5121",1
75.97.122.147,-,-,27/Dec/2037:12:00:00 +0530,POST,/usr/login,HTTP/1.0,303,5005,-,"Mozilla/5.0 (iPhone; CPU iPhone OS 12_4_9 like Mac OS X) AppleWebKit/605.1.15 (KHTML, like Gecko) Version/12.1.2 Mobile/15E148 Safari/604.1",0
121.174.43.29,-,-,27/Dec/2037:12:00:00 +0530,GET,/usr,HTTP/1.0,304,5010,-,"Mozilla/5.0 (Windows NT 10.0; Win64; x64) AppleWebKit/537.36 (KHTML, like Gecko) Chrome/87.0.4280.141 Safari/537.36",0
109.26.58.89,-,-,27/Dec/2037:12:00:00 +0530,POST,/usr/register,HTTP/1.0,500,4995,-,"Mozilla/5.0 (iPhone; CPU iPhone OS 12_4_9 like Mac OS X) AppleWebKit/605.1.15 (KHTML, like Gecko) Version/12.1.2 Mobile/15E148 Safari/604.1",0
58.98.122.76,-,-,27/Dec/2037:12:00:00 +0530,PUT,/usr/login,HTTP/1.0,502,4971,-,Mozilla/5.0 (Windows NT 10.0; Win64; x64; rv:84.0) Gecko/20100101 Firefox/84.0,0
1.39.103.171,-,-,27/Dec/2037:12:00:00 +0530,GET,/usr/admin/developer,HTTP/1.0,303,5009,http://www.blair.net/app/main/tagabout.php,"Mozilla/5.0 (Linux; Android 10; ONEPLUS A6000) AppleWebKit/537.36 (KHTML, like Gecko) Chrome/87.0.4280.141 Mobile Safari/537.36",0
176.172.38.182,-,-,27/Dec/2037:12:00:00 +0530,DELETE,/usr,HTTP/1.0,500,5028,http://www.blair.net/app/main/tagabout.php,"Mozilla/5.0 (Windows NT 10.0; Win64; x64) AppleWebKit/537.36 (KHTML, like Gecko) Chrome/87.0.4280.141 Safari/537.36",0
29.56.16.67,-,-,27/Dec/2037:12:00:00 +0530,GET,/usr/login,HTTP/1.0,403,4829,-,"Mozilla/5.0 (Windows NT 10.0; Win64; x64) AppleWebKit/537.36 (KHTML, like Gecko) Chrome/87.0.4280.88 Safari/537.36 OPR/73.0.3856.329",1
68.161.225.249,-,-,27/Dec/2037:12:00:00 +0530,POST,/usr,HTTP/1.0,500,5036,http://www.blair.net/app/main/tagabout.php,"Mozilla/5.0 (Linux; Android 10; ONEPLUS A6000) AppleWebKit/537.36 (KHTML, like Gecko) Chrome/86.0.4240.198 Mobile Safari/537.36 OPR/61.2.3076.56749",0
54.148.0.232,-,-,27/Dec/2037:12:00:00 +0530,GET,/usr/register,HTTP/1.0,404,5062,-,"Mozilla/5.0 (Windows NT 10.0; Win64; x64) AppleWebKit/537.36 (KHTML, like Gecko) Chrome/89.0.4380.0 Safari/537.36 Edg/89.0.759.0",1
199.55.190.101,-,-,27/Dec/2037:12:00:00 +0530,PUT,/usr,HTTP/1.0,200,4986,http://www.blair.net/app/main/tagabout.php,"Mozilla/5.0 (iPhone; CPU iPhone OS 12_4_9 like Mac OS X) AppleWebKit/605.1.15 (KHTML, like Gecko) Version/12.1.2 Mobile/15E148 Safari/604.1",0
112.244.193.95,-,-,27/Dec/2037:12:00:00 +0530,GET,/usr/admin/developer,HTTP/1.0,502,4931,http://www.blair.net/app/main/tagabout.php,"Mozilla/5.0 (Linux; Android 10; ONEPLUS A6000) AppleWebKit/537.36 (KHTML, like Gecko) Chrome/77.0.3865.116 Mobile Safari/537.36 EdgA/45.12.4.5121",0
36.205.29.247,-,-,27/Dec/2037:12:00:00 +0530,DELETE,/usr/admin/developer,HTTP/1.0,500,4965,-,"Mozilla/5.0 (Linux; Android 10; ONEPLUS A6000) AppleWebKit/537.36 (KHTML, like Gecko) Chrome/87.0.4280.141 Mobile Safari/537.36",0
116.6.5.96,-,-,27/Dec/2037:12:00:00 +0530,PUT,/usr/admin/developer,HTTP/1.0,500,5067,http://www.blair.net/app/main/tagabout.php,"Mozilla/5.0 (Linux; Android 10; ONEPLUS A6000) AppleWebKit/537.36 (KHTML, like Gecko) Chrome/87.0.4280.141 Mobile Safari/537.36",0
65.44.41.235,-,-,27/Dec/2037:12:00:00 +0530,PUT,/usr/admin,HTTP/1.0,404,5035,http://www.blair.net/app/main/tagabout.php,"Mozilla/5.0 (iPhone; CPU iPhone OS 12_4_9 like Mac OS X) AppleWebKit/605.1.15 (KHTML, like Gecko) Version/12.1.2 Mobile/15E148 Safari/604.1",1
88.181.174.159,-,-,27/Dec/2037:12:00:00 +0530,POST,/usr/admin/developer,HTTP/1.0,304,5017,-,"Mozilla/5.0 (Linux; Android 10; ONEPLUS A6000) AppleWebKit/537.36 (KHTML, like Gecko) Chrome/77.0.3865.116 Mobile Safari/537.36 EdgA/45.12.4.5121",0
15.165.39.67,-,-,27/Dec/2037:12:00:00 +0530,PUT,/usr/admin/developer,HTTP/1.0,403,5015,http://www.blair.net/app/main/tagabout.php,"Mozilla/5.0 (iPhone; CPU iPhone OS 12_4_9 like Mac OS X) AppleWebKit/605.1.15 (KHTML, like Gecko) Version/12.1.2 Mobile/15E148 Safari/604.1",1
177.108.208.212,-,-,27/Dec/2037:12:00:00 +0530,DELETE,/usr/admin,HTTP/1.0,303,4977,http://www.blair.net/app/main/tagabout.php,"Mozilla/5.0 (Windows NT 10.0; Win64; x64) AppleWebKit/537.36 (KHTML, like Gecko) Chrome/87.0.4280.88 Safari/537.36 OPR/73.0.3856.329",0
47.241.241.59,-,-,27/Dec/2037:12:00:00 +0530,POST,/usr/admin,HTTP/1.0,200,5069,-,Mozilla/5.0 (Windows NT 10.0; Win64; x64; rv:84.0) Gecko/20100101 Firefox/84.0,0
208.183.153.177,-,-,27/Dec/2037:12:00:00 +0530,POST,/usr,HTTP/1.0,200,5039,http://www.blair.net/app/main/tagabout.php,"Mozilla/5.0 (Linux; Android 10; ONEPLUS A6000) AppleWebKit/537.36 (KHTML, like Gecko) Chrome/87.0.4280.141 Mobile Safari/537.36",0
208.3.101.192,-,-,27/Dec/2037:12:00:00 +0530,PUT,/usr/login,HTTP/1.0,502,5040,-,"Mozilla/5.0 (Windows NT 10.0; Win64; x64) AppleWebKit/537.36 (KHTML, like Gecko) Chrome/87.0.4280.88 Safari/537.36 OPR/73.0.3856.329",0
71.101.38.94,-,-,27/Dec/2037:12:00:00 +0530,PUT,/usr,HTTP/1.0,502,4972,-,"Mozilla/5.0 (Linux; Android 10; ONEPLUS A6000) AppleWebKit/537.36 (KHTML, like Gecko) Chrome/86.0.4240.198 Mobile Safari/537.36 OPR/61.2.3076.56749",0
159.16.130.113,-,-,27/Dec/2037:12:00:00 +0530,PUT,/usr/admin/developer,HTTP/1.0,403,5016,http://www.blair.net/app/main/tagabout.php,"Mozilla/5.0 (iPhone; CPU iPhone OS 12_4_9 like Mac OS X) AppleWebKit/605.1.15 (KHTML, like Gecko) Version/12.1.2 Mobile/15E148 Safari/604.1",1
190.139.32.84,-,-,27/Dec/2037:12:00:00 +0530,GET,/usr/login,HTTP/1.0,502,5015,http://www.blair.net/app/main/tagabout.php,"Mozilla/5.0 (Linux; Android 10; ONEPLUS A6000) AppleWebKit/537.36 (KHTML, like Gecko) Chrome/87.0.4280.141 Mobile Safari/537.36",0
118.74.139.28,-,-,27/Dec/2037:12:00:00 +0530,PUT,/usr/register,HTTP/1.0,304,4869,http://www.blair.net/app/main/tagabout.php,Mozilla/5.0 (Android 10; Mobile; rv:84.0) Gecko/84.0 Firefox/84.0,0
169.4.105.105,-,-,27/Dec/2037:12:00:00 +0530,GET,/usr,HTTP/1.0,303,4930,http://www.blair.net/app/main/tagabout.php,Mozilla/5.0 (Windows NT 10.0; Win64; x64; rv:84.0) Gecko/20100101 Firefox/84.0,0
147.86.116.77,-,-,27/Dec/2037:12:00:00 +0530,DELETE,/usr/admin,HTTP/1.0,200,5082,http://www.blair.net/app/main/tagabout.php,"Mozilla/5.0 (Windows NT 10.0; Win64; x64) AppleWebKit/537.36 (KHTML, like Gecko) Chrome/87.0.4280.141 Safari/537.36",0
207.253.56.74,-,-,27/Dec/2037:12:00:00 +0530,PUT,/usr/register,HTTP/1.0,502,5066,http://www.blair.net/app/main/tagabout.php,"Mozilla/5.0 (Linux; Android 10; ONEPLUS A6000) AppleWebKit/537.36 (KHTML, like Gecko) Chrome/87.0.4280.141 Mobile Safari/537.36",0
7.178.51.232,-,-,27/Dec/2037:12:00:00 +0530,POST,/usr/admin,HTTP/1.0,304,4928,-,Mozilla/5.0 (Android 10; Mobile; rv:84.0) Gecko/84.0 Firefox/84.0,0
145.21.213.135,-,-,27/Dec/2037:12:00:00 +0530,POST,/usr/admin/developer,HTTP/1.0,404,4979,http://www.blair.net/app/main/tagabout.php,"Mozilla/5.0 (Linux; Android 10; ONEPLUS A6000) AppleWebKit/537.36 (KHTML, like Gecko) Chrome/86.0.4240.198 Mobile Safari/537.36 OPR/61.2.3076.56749",1
177.88.92.203,-,-,27/Dec/2037:12:00:00 +0530,GET,/usr/admin/developer,HTTP/1.0,303,5027,-,"Mozilla/5.0 (Linux; Android 10; ONEPLUS A6000) AppleWebKit/537.36 (KHTML, like Gecko) Chrome/87.0.4280.141 Mobile Safari/537.36",0
49.169.106.57,-,-,27/Dec/2037:12:00:00 +0530,DELETE,/usr/admin,HTTP/1.0,404,4959,-,"Mozilla/5.0 (Macintosh; Intel Mac OS X 10_9_3) AppleWebKit/537.75.14 (KHTML, like Gecko) Version/7.0.3 Safari/7046A194A",1
8.255.179.186,-,-,27/Dec/2037:12:00:00 +0530,POST,/usr/register,HTTP/1.0,304,4975,http://www.blair.net/app/main/tagabout.php,"Mozilla/5.0 (Windows NT 10.0; Win64; x64) AppleWebKit/537.36 (KHTML, like Gecko) Chrome/89.0.4380.0 Safari/537.36 Edg/89.0.759.0",0
85.31.103.237,-,-,27/Dec/2037:12:00:00 +0530,DELETE,/usr,HTTP/1.0,500,5041,http://www.blair.net/app/main/tagabout.php,"Mozilla/5.0 (Windows NT 10.0; Win64; x64) AppleWebKit/537.36 (KHTML, like Gecko) Chrome/87.0.4280.141 Safari/537.36",0
128.141.10.102,-,-,27/Dec/2037:12:00:00 +0530,PUT,/usr/login,HTTP/1.0,502,4988,http://www.blair.net/app/main/tagabout.php,Mozilla/5.0 (Android 10; Mobile; rv:84.0) Gecko/84.0 Firefox/84.0,0
86.22.14.199,-,-,27/Dec/2037:12:00:00 +0530,POST,/usr/admin/developer,HTTP/1.0,404,5013,http://www.blair.net/app/main/tagabout.php,"Mozilla/5.0 (Windows NT 10.0; Win64; x64) AppleWebKit/537.36 (KHTML, like Gecko) Chrome/87.0.4280.141 Safari/537.36",1
138.4.83.4,-,-,27/Dec/2037:12:00:00 +0530,DELETE,/usr/login,HTTP/1.0,403,5041,http://www.blair.net/app/main/tagabout.php,"Mozilla/5.0 (Linux; Android 10; ONEPLUS A6000) AppleWebKit/537.36 (KHTML, like Gecko) Chrome/87.0.4280.141 Mobile Safari/537.36",1
164.148.0.101,-,-,27/Dec/2037:12:00:00 +0530,DELETE,/usr/register,HTTP/1.0,403,4963,-,"Mozilla/5.0 (Windows NT 10.0; Win64; x64) AppleWebKit/537.36 (KHTML, like Gecko) Chrome/87.0.4280.141 Safari/537.36",1
14.174.179.21,-,-,27/Dec/2037:12:00:00 +0530,GET,/usr,HTTP/1.0,304,5062,-,"Mozilla/5.0 (Windows NT 10.0; Win64; x64) AppleWebKit/537.36 (KHTML, like Gecko) Chrome/87.0.4280.88 Safari/537.36 OPR/73.0.3856.329",0
142.66.183.110,-,-,27/Dec/2037:12:00:00 +0530,PUT,/usr/login,HTTP/1.0,303,5006,-,"Mozilla/5.0 (Linux; Android 10; ONEPLUS A6000) AppleWebKit/537.36 (KHTML, like Gecko) Chrome/87.0.4280.141 Mobile Safari/537.36",0
74.45.196.143,-,-,27/Dec/2037:12:00:00 +0530,PUT,/usr/login,HTTP/1.0,404,5034,http://www.blair.net/app/main/tagabout.php,"Mozilla/5.0 (Windows NT 10.0; Win64; x64) AppleWebKit/537.36 (KHTML, like Gecko) Chrome/89.0.4380.0 Safari/537.36 Edg/89.0.759.0",1
9.180.88.179,-,-,27/Dec/2037:12:00:00 +0530,GET,/usr/register,HTTP/1.0,200,5001,-,"Mozilla/5.0 (iPhone; CPU iPhone OS 12_4_9 like Mac OS X) AppleWebKit/605.1.15 (KHTML, like Gecko) Version/12.1.2 Mobile/15E148 Safari/604.1",0
132.205.246.42,-,-,27/Dec/2037:12:00:00 +0530,PUT,/usr/admin,HTTP/1.0,500,4968,http://www.blair.net/app/main/tagabout.php,"Mozilla/5.0 (Linux; Android 10; ONEPLUS A6000) AppleWebKit/537.36 (KHTML, like Gecko) Chrome/77.0.3865.116 Mobile Safari/537.36 EdgA/45.12.4.5121",0
160.78.94.27,-,-,27/Dec/2037:12:00:00 +0530,DELETE,/usr,HTTP/1.0,200,5040,-,"Mozilla/5.0 (Macintosh; Intel Mac OS X 10_9_3) AppleWebKit/537.75.14 (KHTML, like Gecko) Version/7.0.3 Safari/7046A194A",0
94.119.40.218,-,-,27/Dec/2037:12:00:00 +0530,PUT,/usr/register,HTTP/1.0,304,5056,http://www.blair.net/app/main/tagabout.php,"Mozilla/5.0 (Macintosh; Intel Mac OS X 10_9_3) AppleWebKit/537.75.14 (KHTML, like Gecko) Version/7.0.3 Safari/7046A194A",0
177.233.213.194,-,-,27/Dec/2037:12:00:00 +0530,GET,/usr/login,HTTP/1.0,303,4938,-,"Mozilla/5.0 (Linux; Android 10; ONEPLUS A6000) AppleWebKit/537.36 (KHTML, like Gecko) Chrome/87.0.4280.141 Mobile Safari/537.36",0
141.52.2.227,-,-,27/Dec/2037:12:00:00 +0530,GET,/usr/admin/developer,HTTP/1.0,304,4950,-,"Mozilla/5.0 (Windows NT 10.0; Win64; x64) AppleWebKit/537.36 (KHTML, like Gecko) Chrome/89.0.4380.0 Safari/537.36 Edg/89.0.759.0",0
147.23.140.225,-,-,27/Dec/2037:12:00:00 +0530,GET,/usr/admin,HTTP/1.0,502,5034,-,"Mozilla/5.0 (Windows NT 10.0; Win64; x64) AppleWebKit/537.36 (KHTML, like Gecko) Chrome/89.0.4380.0 Safari/537.36 Edg/89.0.759.0",0
154.26.117.191,-,-,27/Dec/2037:12:00:00 +0530,DELETE,/usr/login,HTTP/1.0,502,4993,http://www.blair.net/app/main/tagabout.php,"Mozilla/5.0 (iPhone; CPU iPhone OS 12_4_9 like Mac OS X) AppleWebKit/605.1.15 (KHTML, like Gecko) Version/12.1.2 Mobile/15E148 Safari/604.1",0
208.24.187.98,-,-,27/Dec/2037:12:00:00 +0530,GET,/usr/admin/developer,HTTP/1.0,200,4969,-,"Mozilla/5.0 (Windows NT 10.0; Win64; x64) AppleWebKit/537.36 (KHTML, like Gecko) Chrome/87.0.4280.88 Safari/537.36 OPR/73.0.3856.329",0
165.180.78.209,-,-,27/Dec/2037:12:00:00 +0530,GET,/usr,HTTP/1.0,502,4984,-,"Mozilla/5.0 (Windows NT 10.0; Win64; x64) AppleWebKit/537.36 (KHTML, like Gecko) Chrome/87.0.4280.141 Safari/537.36",0
74.118.252.245,-,-,27/Dec/2037:12:00:00 +0530,PUT,/usr/register,HTTP/1.0,303,4993,-,Mozilla/5.0 (Windows NT 10.0; Win64; x64; rv:84.0) Gecko/20100101 Firefox/84.0,0
4.165.28.38,-,-,27/Dec/2037:12:00:00 +0530,DELETE,/usr/login,HTTP/1.0,502,5003,http://www.blair.net/app/main/tagabout.php,"Mozilla/5.0 (Windows NT 10.0; Win64; x64) AppleWebKit/537.36 (KHTML, like Gecko) Chrome/87.0.4280.141 Safari/537.36",0
169.84.16.103,-,-,27/Dec/2037:12:00:00 +0530,DELETE,/usr/register,HTTP/1.0,502,4997,http://www.blair.net/app/main/tagabout.php,"Mozilla/5.0 (Windows NT 10.0; Win64; x64) AppleWebKit/537.36 (KHTML, like Gecko) Chrome/87.0.4280.141 Safari/537.36",0
164.99.125.5,-,-,27/Dec/2037:12:00:00 +0530,PUT,/usr/login,HTTP/1.0,200,5084,-,"Mozilla/5.0 (Macintosh; Intel Mac OS X 10_9_3) AppleWebKit/537.75.14 (KHTML, like Gecko) Version/7.0.3 Safari/7046A194A",0
177.158.216.165,-,-,27/Dec/2037:12:00:00 +0530,PUT,/usr,HTTP/1.0,304,4968,http://www.blair.net/app/main/tagabout.php,"Mozilla/5.0 (Linux; Android 10; ONEPLUS A6000) AppleWebKit/537.36 (KHTML, like Gecko) Chrome/87.0.4280.141 Mobile Safari/537.36",0
215.196.109.136,-,-,27/Dec/2037:12:00:00 +0530,DELETE,/usr/admin/developer,HTTP/1.0,404,5055,http://www.blair.net/app/main/tagabout.php,"Mozilla/5.0 (Windows NT 10.0; Win64; x64) AppleWebKit/537.36 (KHTML, like Gecko) Chrome/87.0.4280.141 Safari/537.36",1
76.217.154.34,-,-,27/Dec/2037:12:00:00 +0530,DELETE,/usr/admin/developer,HTTP/1.0,303,5143,http://www.blair.net/app/main/tagabout.php,"Mozilla/5.0 (iPhone; CPU iPhone OS 12_4_9 like Mac OS X) AppleWebKit/605.1.15 (KHTML, like Gecko) Version/12.1.2 Mobile/15E148 Safari/604.1",0
88.42.193.255,-,-,27/Dec/2037:12:00:00 +0530,PUT,/usr/admin,HTTP/1.0,200,5055,-,"Mozilla/5.0 (Linux; Android 10; ONEPLUS A6000) AppleWebKit/537.36 (KHTML, like Gecko) Chrome/86.0.4240.198 Mobile Safari/537.36 OPR/61.2.3076.56749",0
42.222.57.112,-,-,27/Dec/2037:12:00:00 +0530,DELETE,/usr/register,HTTP/1.0,403,5002,http://www.blair.net/app/main/tagabout.php,"Mozilla/5.0 (Linux; Android 10; ONEPLUS A6000) AppleWebKit/537.36 (KHTML, like Gecko) Chrome/77.0.3865.116 Mobile Safari/537.36 EdgA/45.12.4.5121",1
216.188.134.188,-,-,27/Dec/2037:12:00:00 +0530,PUT,/usr/admin,HTTP/1.0,304,5031,http://www.blair.net/app/main/tagabout.php,"Mozilla/5.0 (iPhone; CPU iPhone OS 12_4_9 like Mac OS X) AppleWebKit/605.1.15 (KHTML, like Gecko) Version/12.1.2 Mobile/15E148 Safari/604.1",0
87.80.220.35,-,-,27/Dec/2037:12:00:00 +0530,PUT,/usr,HTTP/1.0,500,4912,-,Mozilla/5.0 (Android 10; Mobile; rv:84.0) Gecko/84.0 Firefox/84.0,0
9.196.107.135,-,-,27/Dec/2037:12:00:00 +0530,GET,/usr/admin/developer,HTTP/1.0,304,4990,-,"Mozilla/5.0 (Windows NT 10.0; Win64; x64) AppleWebKit/537.36 (KHTML, like Gecko) Chrome/89.0.4380.0 Safari/537.36 Edg/89.0.759.0",0
24.66.88.75,-,-,27/Dec/2037:12:00:00 +0530,GET,/usr/admin,HTTP/1.0,303,4975,-,"Mozilla/5.0 (Macintosh; Intel Mac OS X 10_9_3) AppleWebKit/537.75.14 (KHTML, like Gecko) Version/7.0.3 Safari/7046A194A",0
136.160.73.178,-,-,27/Dec/2037:12:00:00 +0530,POST,/usr/login,HTTP/1.0,502,5001,http://www.blair.net/app/main/tagabout.php,"Mozilla/5.0 (Linux; Android 10; ONEPLUS A6000) AppleWebKit/537.36 (KHTML, like Gecko) Chrome/86.0.4240.198 Mobile Safari/537.36 OPR/61.2.3076.56749",0
203.44.151.222,-,-,27/Dec/2037:12:00:00 +0530,GET,/usr,HTTP/1.0,500,4900,-,Mozilla/5.0 (Android 10; Mobile; rv:84.0) Gecko/84.0 Firefox/84.0,0
189.65.60.249,-,-,27/Dec/2037:12:00:00 +0530,POST,/usr/register,HTTP/1.0,404,5019,-,Mozilla/5.0 (Windows NT 10.0; Win64; x64; rv:84.0) Gecko/20100101 Firefox/84.0,1
98.97.41.135,-,-,27/Dec/2037:12:00:00 +0530,DELETE,/usr,HTTP/1.0,304,5065,http://www.blair.net/app/main/tagabout.php,"Mozilla/5.0 (Windows NT 10.0; Win64; x64) AppleWebKit/537.36 (KHTML, like Gecko) Chrome/87.0.4280.141 Safari/537.36",0
155.242.25.86,-,-,27/Dec/2037:12:00:00 +0530,PUT,/usr/admin/developer,HTTP/1.0,404,4941,-,"Mozilla/5.0 (Linux; Android 10; ONEPLUS A6000) AppleWebKit/537.36 (KHTML, like Gecko) Chrome/87.0.4280.141 Mobile Safari/537.36",1
155.36.85.81,-,-,27/Dec/2037:12:00:00 +0530,GET,/usr/login,HTTP/1.0,403,5017,http://www.blair.net/app/main/tagabout.php,"Mozilla/5.0 (Windows NT 10.0; Win64; x64) AppleWebKit/537.36 (KHTML, like Gecko) Chrome/89.0.4380.0 Safari/537.36 Edg/89.0.759.0",1
175.197.135.176,-,-,27/Dec/2037:12:00:00 +0530,GET,/usr/admin,HTTP/1.0,304,5106,http://www.blair.net/app/main/tagabout.php,"Mozilla/5.0 (Windows NT 10.0; Win64; x64) AppleWebKit/537.36 (KHTML, like Gecko) Chrome/87.0.4280.88 Safari/537.36 OPR/73.0.3856.329",0
43.87.142.19,-,-,27/Dec/2037:12:00:00 +0530,POST,/usr/register,HTTP/1.0,403,5086,http://www.blair.net/app/main/tagabout.php,Mozilla/5.0 (Windows NT 10.0; Win64; x64; rv:84.0) Gecko/20100101 Firefox/84.0,1
149.31.77.240,-,-,27/Dec/2037:12:00:00 +0530,POST,/usr/admin,HTTP/1.0,500,4964,-,"Mozilla/5.0 (Windows NT 10.0; Win64; x64) AppleWebKit/537.36 (KHTML, like Gecko) Chrome/87.0.4280.88 Safari/537.36 OPR/73.0.3856.329",0
203.234.64.124,-,-,27/Dec/2037:12:00:00 +0530,POST,/usr/admin,HTTP/1.0,200,4933,-,"Mozilla/5.0 (Windows NT 10.0; Win64; x64) AppleWebKit/537.36 (KHTML, like Gecko) Chrome/89.0.4380.0 Safari/537.36 Edg/89.0.759.0",0
60.66.25.103,-,-,27/Dec/2037:12:00:00 +0530,GET,/usr/admin,HTTP/1.0,502,4916,http://www.blair.net/app/main/tagabout.php,Mozilla/5.0 (Windows NT 10.0; Win64; x64; rv:84.0) Gecko/20100101 Firefox/84.0,0
49.11.238.30,-,-,27/Dec/2037:12:00:00 +0530,DELETE,/usr/login,HTTP/1.0,200,5059,-,"Mozilla/5.0 (Linux; Android 10; ONEPLUS A6000) AppleWebKit/537.36 (KHTML, like Gecko) Chrome/87.0.4280.141 Mobile Safari/537.36",0
186.152.231.249,-,-,27/Dec/2037:12:00:00 +0530,DELETE,/usr/admin,HTTP/1.0,502,5019,-,"Mozilla/5.0 (Linux; Android 10; ONEPLUS A6000) AppleWebKit/537.36 (KHTML, like Gecko) Chrome/77.0.3865.116 Mobile Safari/537.36 EdgA/45.12.4.5121",0
8.164.186.248,-,-,27/Dec/2037:12:00:00 +0530,PUT,/usr/login,HTTP/1.0,502,5046,-,"Mozilla/5.0 (Linux; Android 10; ONEPLUS A6000) AppleWebKit/537.36 (KHTML, like Gecko) Chrome/86.0.4240.198 Mobile Safari/537.36 OPR/61.2.3076.56749",0
181.67.61.186,-,-,27/Dec/2037:12:00:00 +0530,POST,/usr,HTTP/1.0,500,5005,-,"Mozilla/5.0 (Windows NT 10.0; Win64; x64) AppleWebKit/537.36 (KHTML, like Gecko) Chrome/89.0.4380.0 Safari/537.36 Edg/89.0.759.0",0
151.216.122.212,-,-,27/Dec/2037:12:00:00 +0530,POST,/usr/admin/developer,HTTP/1.0,502,4984,http://www.blair.net/app/main/tagabout.php,"Mozilla/5.0 (Linux; Android 10; ONEPLUS A6000) AppleWebKit/537.36 (KHTML, like Gecko) Chrome/87.0.4280.141 Mobile Safari/537.36",0
205.80.154.71,-,-,27/Dec/2037:12:00:00 +0530,POST,/usr/admin/developer,HTTP/1.0,304,4972,-,Mozilla/5.0 (Android 10; Mobile; rv:84.0) Gecko/84.0 Firefox/84.0,0
191.12.83.135,-,-,27/Dec/2037:12:00:00 +0530,DELETE,/usr/register,HTTP/1.0,303,5035,http://www.blair.net/app/main/tagabout.php,"Mozilla/5.0 (Linux; Android 10; ONEPLUS A6000) AppleWebKit/537.36 (KHTML, like Gecko) Chrome/77.0.3865.116 Mobile Safari/537.36 EdgA/45.12.4.5121",0
116.139.103.178,-,-,27/Dec/2037:12:00:00 +0530,POST,/usr/admin/developer,HTTP/1.0,304,4969,-,"Mozilla/5.0 (Windows NT 10.0; Win64; x64) AppleWebKit/537.36 (KHTML, like Gecko) Chrome/87.0.4280.141 Safari/537.36",0
210.243.44.155,-,-,27/Dec/2037:12:00:00 +0530,DELETE,/usr/register,HTTP/1.0,500,5049,-,"Mozilla/5.0 (Macintosh; Intel Mac OS X 10_9_3) AppleWebKit/537.75.14 (KHTML, like Gecko) Version/7.0.3 Safari/7046A194A",0
66.241.85.166,-,-,27/Dec/2037:12:00:00 +0530,POST,/usr/login,HTTP/1.0,500,5014,-,Mozilla/5.0 (Windows NT 10.0; Win64; x64; rv:84.0) Gecko/20100101 Firefox/84.0,0
201.253.35.142,-,-,27/Dec/2037:12:00:00 +0530,DELETE,/usr,HTTP/1.0,500,4987,http://www.blair.net/app/main/tagabout.php,"Mozilla/5.0 (Linux; Android 10; ONEPLUS A6000) AppleWebKit/537.36 (KHTML, like Gecko) Chrome/87.0.4280.141 Mobile Safari/537.36",0
85.126.135.105,-,-,27/Dec/2037:12:00:00 +0530,POST,/usr/login,HTTP/1.0,303,5042,-,"Mozilla/5.0 (Linux; Android 10; ONEPLUS A6000) AppleWebKit/537.36 (KHTML, like Gecko) Chrome/77.0.3865.116 Mobile Safari/537.36 EdgA/45.12.4.5121",0
208.40.5.253,-,-,27/Dec/2037:12:00:00 +0530,POST,/usr/admin,HTTP/1.0,403,5047,-,"Mozilla/5.0 (Macintosh; Intel Mac OS X 10_9_3) AppleWebKit/537.75.14 (KHTML, like Gecko) Version/7.0.3 Safari/7046A194A",1
161.205.49.16,-,-,27/Dec/2037:12:00:00 +0530,POST,/usr/login,HTTP/1.0,403,4996,-,"Mozilla/5.0 (Windows NT 10.0; Win64; x64) AppleWebKit/537.36 (KHTML, like Gecko) Chrome/87.0.4280.141 Safari/537.36",1
62.90.210.9,-,-,27/Dec/2037:12:00:00 +0530,POST,/usr/admin,HTTP/1.0,304,4871,-,"Mozilla/5.0 (Linux; Android 10; ONEPLUS A6000) AppleWebKit/537.36 (KHTML, like Gecko) Chrome/87.0.4280.141 Mobile Safari/537.36",0
159.87.103.142,-,-,27/Dec/2037:12:00:00 +0530,GET,/usr/login,HTTP/1.0,200,4965,http://www.blair.net/app/main/tagabout.php,"Mozilla/5.0 (Linux; Android 10; ONEPLUS A6000) AppleWebKit/537.36 (KHTML, like Gecko) Chrome/87.0.4280.141 Mobile Safari/537.36",0
203.68.23.216,-,-,27/Dec/2037:12:00:00 +0530,DELETE,/usr/login,HTTP/1.0,404,5030,-,"Mozilla/5.0 (iPhone; CPU iPhone OS 12_4_9 like Mac OS X) AppleWebKit/605.1.15 (KHTML, like Gecko) Version/12.1.2 Mobile/15E148 Safari/604.1",1
115.13.131.34,-,-,27/Dec/2037:12:00:00 +0530,GET,/usr/admin/developer,HTTP/1.0,502,5061,http://www.blair.net/app/main/tagabout.php,"Mozilla/5.0 (Linux; Android 10; ONEPLUS A6000) AppleWebKit/537.36 (KHTML, like Gecko) Chrome/86.0.4240.198 Mobile Safari/537.36 OPR/61.2.3076.56749",0
161.116.27.132,-,-,27/Dec/2037:12:00:00 +0530,GET,/usr/admin,HTTP/1.0,200,4984,http://www.blair.net/app/main/tagabout.php,Mozilla/5.0 (Windows NT 10.0; Win64; x64; rv:84.0) Gecko/20100101 Firefox/84.0,0
